ts_iso,seq,eventType,deltaSnap_s,netProfile,blockId,msIndex,msInterval_s,t_write,t_confirm,t_cache_seen,t_deny,T_rev_s,TTC_reg_s,snap_wait_s,ok,error,payload_bytes
2025-11-07T11:44:41.093339+00:00,1,RevokeKey,15.0,normal,0x19f377b5e6173d08f5d7ba871440a6f9920fb7c30d032414f1aaad9a3c207a53,7989,,1762515876.761395,1762515881.086323,1762515891.7612777,1762515891.761395,15.0,4.324928045272827,10.674954652786255,1,,144
2025-11-07T11:44:45.939606+00:00,2,RevokeKey,15.0,normal,0x372f9b4391c01c29edad2cec15ec52ebcbc7672667fbe9d7e5088e10d1f0ab16,7990,,1762515881.093479,1762515885.9327164,1762515891.7612777,1762515892.093479,11.0,4.839237451553345,5.828561305999756,1,,148
2025-11-07T11:44:51.039883+00:00,3,RevokeKey,15.0,normal,0xa5833cb23ac83748e7b36c8c1878eb55caa7b1de0d3a9971c1de96c7584e8b4d,7991,,1762515885.9398057,1762515891.036552,1762515891.7612777,1762515891.9398057,6.0,5.096746206283569,0.7247257232666016,1,,144
2025-11-07T11:44:55.903287+00:00,4,RevokeKey,15.0,normal,0x7ac34fad36b2a59fbddbc10960d6deaae95478859f536a5decc3f8decc15aabf,7992,,1762515891.039991,1762515895.8881297,1762515906.7612777,1762515907.039991,16.0,4.848138809204102,10.873147964477539,1,,144
2025-11-07T11:45:01.026006+00:00,5,RevokeKey,15.0,normal,0x5e8bd76c40f328fa3f168fe9c54f9abb7d681f7a6ec13e7f757dcc91f7558c63,7993,,1762515895.903687,1762515901.020275,1762515906.7612777,1762515906.903687,11.0,5.116588115692139,5.741002559661865,1,,147
2025-11-07T11:45:06.117775+00:00,6,RevokeKey,15.0,normal,0xc77867e82776670555d4eb8cc1cf118efaf2234c69febe311208bbe15532fe32,7994,,1762515901.0261245,1762515906.112506,1762515906.7612777,1762515907.0261245,6.0,5.086381435394287,0.6487717628479004,1,,145
2025-11-07T11:45:10.954839+00:00,7,RevokeKey,15.0,normal,0x3d697e47f722592f1c86cc45049bc0be9d56a514d8dceefcd87cf254a3073a7c,7995,,1762515906.1178994,1762515910.949951,1762515921.7612777,1762515922.1178994,16.0,4.832051515579224,10.811326742172241,1,,145
2025-11-07T11:45:16.030779+00:00,8,RevokeKey,15.0,normal,0x2bf098a98fb5824027d7fadd218c9908f035d2ae3b71490ba7fff1df986b257a,7996,,1762515910.954994,1762515916.0287678,1762515921.7612777,1762515921.954994,11.0,5.0737738609313965,5.7325098514556885,1,,145
2025-11-07T11:45:21.092165+00:00,9,RevokeKey,15.0,normal,0x2168dbede7730d9a04fadf99c41139b8aa3c0f7d3a8f7bd3d30b27dc6a5b53dc,7997,,1762515916.0308442,1762515921.089816,1762515921.7612777,1762515922.0308442,6.0,5.058971881866455,0.6714615821838379,1,,146
2025-11-07T11:45:25.914534+00:00,10,RevokeKey,15.0,normal,0x8e00cbc6158871e8e2297f3bd8ddb6d29cd9eaf2a636736dd9063242c67c20c8,7998,,1762515921.092234,1762515925.911382,1762515936.7612777,1762515937.092234,16.0,4.819148063659668,10.849895715713501,1,,145
2025-11-07T11:45:30.970372+00:00,11,RevokeKey,15.0,normal,0x2a530c0aaeeda2d7152700f8edf1a60c7404ff645a8eb54c4511655d33ab8c82,7999,,1762515925.9146545,1762515930.9685824,1762515936.7612777,1762515936.9146545,11.0,5.053927898406982,5.7926952838897705,1,,145
2025-11-07T11:45:36.029423+00:00,12,RevokeKey,15.0,normal,0xc67352febeaa346b5c73ef584abaffb9ed0ffd3c6e01c25f78cc50b0a68f7b97,8000,,1762515930.9704237,1762515936.027492,1762515936.7612777,1762515936.9704237,6.0,5.057068347930908,0.7337856292724609,1,,145
2025-11-07T11:45:41.107564+00:00,13,RevokeKey,15.0,normal,0xd34b316f184f5cdfb9f9f115eafb034743cd1f0e5e3e3c3807aff4eaf2235fd8,8001,,1762515936.0294726,1762515941.1024349,1762515951.7612777,1762515952.0294726,16.0,5.072962284088135,10.65884280204773,1,,145
2025-11-07T11:45:45.952800+00:00,14,RevokeKey,15.0,normal,0x2b881345ca41776a9dcbf639ec21b0a232cdbf9c9a1eb141af8c43e0bfe0be0b,8002,,1762515941.1076686,1762515945.9485004,1762515951.7612777,1762515952.1076686,11.0,4.840831756591797,5.812777280807495,1,,145
2025-11-07T11:45:51.053508+00:00,15,RevokeKey,15.0,normal,0x70ec37a6572204b22996feda9736f08453acc376b4001c3b6010fa01ba63249e,8003,,1762515945.9529145,1762515951.0485246,1762515951.7612777,1762515951.9529145,6.0,5.09561014175415,0.7127530574798584,1,,145
2025-11-07T11:45:55.900580+00:00,16,RevokeKey,15.0,normal,0xa9d45066a3283e07a97d91ecf84ddf3968a654f017b8c134c8753f5e9d9206e7,8004,,1762515951.053643,1762515955.8951998,1762515966.7612777,1762515967.053643,16.0,4.841556787490845,10.866077899932861,1,,144
2025-11-07T11:46:01.008639+00:00,17,RevokeKey,15.0,normal,0x5f2883d594fce8dcd01f95a71135528b78c52227a1a449a2307ca541b0300fcc,8005,,1762515955.900688,1762515961.0030675,1762515966.7612777,1762515966.900688,11.0,5.102379560470581,5.758210182189941,1,,145
2025-11-07T11:46:06.113723+00:00,18,RevokeKey,15.0,normal,0x817452aa4861b5afdaa546bd543abfa10215077fd6f03b5e776c4987256523f0,8006,,1762515961.0087657,1762515966.104589,1762515966.7612777,1762515967.0087657,6.0,5.095823287963867,0.6566886901855469,1,,145
2025-11-07T11:46:10.954026+00:00,19,RevokeKey,15.0,normal,0x2daeebbefd503f47a1b417158216297e2a54eede7b5761cd4c85a7d581f545f4,8007,,1762515966.11398,1762515970.9486778,1762515981.7612777,1762515982.11398,16.0,4.834697723388672,10.812599897384644,1,,146
2025-11-07T11:46:16.046218+00:00,20,RevokeKey,15.0,normal,0x1e1234e9fdf74bdac12b9ecd43fc2fbc84f5699e75a38b4ec7510ea1f98370f2,8008,,1762515970.9541478,1762515976.042286,1762515981.7612777,1762515981.9541478,11.0,5.088138103485107,5.718991756439209,1,,148
2025-11-07T11:46:20.875837+00:00,21,RevokeKey,15.0,normal,0x7d1b678cb1ec9ba9d1afd8a3ef6213e40e205ac5a506e357be83af0460aab31e,8009,,1762515976.0463104,1762515980.8735166,1762515981.7612777,1762515982.0463104,6.0,4.827206134796143,0.887761116027832,1,,145
2025-11-07T11:46:25.956701+00:00,22,RevokeKey,15.0,normal,0x344ab3b37f3a7eef2ec0d10942c0dbdb2cdafa03fe0546fd7510f8e208d754da,8010,,1762515980.8759077,1762515985.9539294,1762515996.7612777,1762515996.8759077,16.0,5.078021764755249,10.807348251342773,1,,148
2025-11-07T11:46:31.039118+00:00,23,RevokeKey,15.0,normal,0x6d2230cd5a480a3fe086f5094ad5a6beab35487e4ef5dbf14a0f7506eafa4348,8011,,1762515985.9567735,1762515991.0345795,1762515996.7612777,1762515996.9567735,11.0,5.077805995941162,5.726698160171509,1,,146
2025-11-07T11:46:35.896330+00:00,24,RevokeKey,15.0,normal,0x97cf9dcca5087abcc746625d1ec8ede896c00b884ca8ef2c8326cb6cd03d6858,8012,,1762515991.0392365,1762515995.8860264,1762515996.7612777,1762515997.0392365,6.0,4.846789836883545,0.875251293182373,1,,145
2025-11-07T11:46:41.003763+00:00,25,RevokeKey,15.0,normal,0x08b89936b5b57e165a0c525f7740d98f88532754a038b7f061a36777e4965cf0,8013,,1762515995.8966968,1762516000.9935205,1762516011.7612777,1762516011.8966968,16.0,5.096823692321777,10.767757177352905,1,,146
2025-11-07T11:46:46.123168+00:00,26,RevokeKey,15.0,normal,0x90e9943e53092c7ec0366c9dead84ed08fcc4eed087fa3d9b3972afbd56f82f7,8014,,1762516001.0040562,1762516006.118849,1762516011.7612777,1762516012.0040562,11.0,5.114792823791504,5.642428636550903,1,,148
2025-11-07T11:46:50.975581+00:00,27,RevokeKey,15.0,normal,0x6f1153a52192841305901029a903d5a979d1b9476838de03c4f653708eb3b67c,8015,,1762516006.1232636,1762516010.969657,1762516011.7612777,1762516012.1232636,6.0,4.846393346786499,0.7916207313537598,1,,146
2025-11-07T11:46:56.068648+00:00,28,RevokeKey,15.0,normal,0x3cdd9b65a6b7d351de78a2a80d2f67da3ba823ec0a7960e8999d8200424ca9c9,8016,,1762516010.9756994,1762516016.062887,1762516026.7612777,1762516026.9756994,16.0,5.0871875286102295,10.69839072227478,1,,146
2025-11-07T11:47:00.911842+00:00,29,RevokeKey,15.0,normal,0x4ec51bee2c122fc67efda6271b8f1b199973802eee85d8b5a28637dbc838eb8b,8017,,1762516016.0687647,1762516020.905462,1762516026.7612777,1762516027.0687647,11.0,4.836697340011597,5.855815649032593,1,,148
2025-11-07T11:47:06.014616+00:00,30,RevokeKey,15.0,normal,0xa1b7de99163db647b86ff2a6b3637100c148be70226ecb61fd02e69dae435f3c,8018,,1762516020.9119897,1762516026.0094485,1762516026.7612777,1762516026.9119897,6.0,5.097458839416504,0.7518291473388672,1,,146
2025-11-07T11:47:11.115199+00:00,31,RevokeKey,15.0,normal,0x442d3165b3d845f8b5823134f7db1a8950f06c558aeb8e7a0ff00adeb640a706,8019,,1762516026.0147312,1762516031.1085234,1762516041.7612777,1762516042.0147312,16.0,5.093792200088501,10.652754306793213,1,,148
2025-11-07T11:47:15.960748+00:00,32,RevokeKey,15.0,normal,0x127e051b48f76e163c52e126c1507382a0caf367c76ba27e0bd7f3985e1abe6d,8020,,1762516031.1153288,1762516035.9529037,1762516041.7612777,1762516042.1153288,11.0,4.8375749588012695,5.808373928070068,1,,144
2025-11-07T11:47:21.069250+00:00,33,RevokeKey,15.0,normal,0x93d1ec2e80f0bde8360697fafcdfcfe23b91e0ebf048ac89523b02ca3a961911,8021,,1762516035.9609213,1762516041.0610068,1762516041.7612777,1762516041.9609213,6.0,5.100085496902466,0.7002708911895752,1,,148
2025-11-07T11:47:25.913644+00:00,34,RevokeKey,15.0,normal,0xf18ed3f46894527b403805eca03ec53aa1640f3568629cf7bc9cabb62581185e,8022,,1762516041.0693512,1762516045.9079103,1762516056.7612777,1762516057.0693512,16.0,4.838559150695801,10.853367328643799,1,,146
2025-11-07T11:47:31.016329+00:00,35,RevokeKey,15.0,normal,0x21f3f669a43d1e8c612c054404fadb6dcec4d1c2f6bc639b90a5b53f931b4dbe,8023,,1762516045.9137573,1762516051.0113103,1762516056.7612777,1762516056.9137573,11.0,5.097553014755249,5.749967336654663,1,,146
2025-11-07T11:47:36.127684+00:00,36,RevokeKey,15.0,normal,0x9c51f054c090ae6058f51e7422cf45495d86823d02018c378e3dee26b7e364d5,8024,,1762516051.0164332,1762516056.1159167,1762516056.7612777,1762516057.0164332,6.0,5.099483489990234,0.6453609466552734,1,,144
2025-11-07T11:47:40.967352+00:00,37,RevokeKey,15.0,normal,0xef896e398bf13c762f1f82aeec91a4ca980b0da3f3aff19881b5c2371aaa8018,8025,,1762516056.1279712,1762516060.962092,1762516071.7612777,1762516072.1279712,16.0,4.834120750427246,10.799185752868652,1,,145
2025-11-07T11:47:46.072772+00:00,38,RevokeKey,15.0,normal,0x13f129d9b3545fbc1c9da98606b7161c7add7e1bcb00ad2b09d68a15d61daa3b,8026,,1762516060.9674807,1762516066.0678842,1762516071.7612777,1762516071.9674807,11.0,5.100403547286987,5.6933934688568115,1,,145
2025-11-07T11:47:50.919765+00:00,39,RevokeKey,15.0,normal,0x7bd3b84f109bebb435621ed99134dd29224564b6517f5fe184c470cfed1a32d9,8027,,1762516066.0728877,1762516070.9137237,1762516071.7612777,1762516072.0728877,6.0,4.840836048126221,0.8475539684295654,1,,148
2025-11-07T11:47:56.016523+00:00,40,RevokeKey,15.0,normal,0x56de0d3b9effcf1802f8087b889b93fbb8faaf625683579f23e4d516169ff733,8028,,1762516070.9198809,1762516076.0106797,1762516086.7612777,1762516086.9198809,16.0,5.090798854827881,10.750597953796387,1,,146
2025-11-07T11:48:01.118814+00:00,41,RevokeKey,15.0,normal,0x79db068ddd67a274c4528e5f4a5bd5b2d95c43f35bac852f113cec127ac8d329,8029,,1762516076.0166328,1762516081.1140125,1762516086.7612777,1762516087.0166328,11.0,5.097379684448242,5.647265195846558,1,,145
2025-11-07T11:48:05.951368+00:00,42,RevokeKey,15.0,normal,0xaa71ce496ba2edaa1eae4576eb9b3ccfa52532cf9c2f60c54ee09e92c96e8229,8030,,1762516081.1189082,1762516085.9433818,1762516086.7612777,1762516087.1189082,6.0,4.82447361946106,0.8178958892822266,1,,145
2025-11-07T11:48:11.048136+00:00,43,RevokeKey,15.0,normal,0xa1f0e15157a6ce685f2af6173f61adba76e55a7c0bbdc0be0dc5652e4e6f1018,8031,,1762516085.9515126,1762516091.0424476,1762516101.7612777,1762516101.9515126,16.0,5.090934991836548,10.718830108642578,1,,147
2025-11-07T11:48:15.890658+00:00,44,RevokeKey,15.0,normal,0xfbb3ffeab479f3e37b1af6e5c40301c8ee0368edf2e94e0ab1e040f00db1b5e2,8032,,1762516091.048231,1762516095.885684,1762516101.7612777,1762516102.048231,11.0,4.837453126907349,5.875593662261963,1,,145
2025-11-07T11:48:20.993873+00:00,45,RevokeKey,15.0,normal,0xe45b1a87d6cff5340c1711e2201fa054861f7f03886b4851caac4a17338f56a4,8033,,1762516095.890778,1762516100.986255,1762516101.7612777,1762516101.890778,6.0,5.095476865768433,0.7750227451324463,1,,146
2025-11-07T11:48:26.038475+00:00,46,RevokeKey,15.0,normal,0xd1e4d5df36707613ff9ff4f09cc58274db91f119f3fe05cb8fc63a1dbcab678f,8034,,1762516100.9941642,1762516106.0363348,1762516116.7612777,1762516116.9941642,16.0,5.042170524597168,10.724942922592163,1,,147
2025-11-07T11:48:31.076964+00:00,47,RevokeKey,15.0,normal,0xaf930e6e12914e30653c481850b6894613ee80d0966731ffaeed6a18e3d59952,8035,,1762516106.0385315,1762516111.0743737,1762516116.7612777,1762516117.0385315,11.0,5.035842180252075,5.686903953552246,1,,145
2025-11-07T11:48:36.112502+00:00,48,RevokeKey,15.0,normal,0xbb05cd39df0b3778f7c5c0c109e0091781ea8c36af50dbf3e2aa95455a78234b,8036,,1762516111.077043,1762516116.1104586,1762516116.7612777,1762516117.077043,6.0,5.0334155559539795,0.6508190631866455,1,,144
2025-11-07T11:48:40.897759+00:00,49,RevokeKey,15.0,normal,0xaa7b3ba94475bf14b2756b253cb91483fa6f86441ebfd9f6e648ddd259dfc174,8037,,1762516116.1125624,1762516120.8951905,1762516131.7612777,1762516132.1125624,16.0,4.782628059387207,10.866087198257446,1,,146
2025-11-07T11:48:45.990774+00:00,50,RevokeKey,15.0,normal,0xf34a8223087113bdc57ab165a4e5320a159d0d260a8c73b6be42fdc3e5eafdab,8038,,1762516120.8978164,1762516125.9836926,1762516131.7612777,1762516131.8978164,11.0,5.085876226425171,5.777585029602051,1,,145
2025-11-07T11:48:51.078226+00:00,1,RevokeKey,15.0,impaired,0xa43b6488d2a09ad0bfe0ffe0e4b1d4b8fc1334330346e0f0c7d40eca8ccb7cbd,8039,,1762516125.99098,1762516131.0667005,1762516140.9908633,1762516140.99098,15.0,5.075720548629761,9.924162864685059,1,,145
2025-11-07T11:48:55.933334+00:00,2,RevokeKey,15.0,impaired,0xb3e8eec4eca5ba4b93b7d59043fbed915ebe7aea337daa940491bda7d9ec4bd8,8040,,1762516131.0784423,1762516135.924526,1762516140.9908633,1762516141.0784423,10.0,4.846083641052246,5.06633734703064,1,,146
2025-11-07T11:49:01.040597+00:00,3,RevokeKey,15.0,impaired,0xc142987f4b478e086466148853323601d739727751acbce6f9a55478ed3c4ab3,8041,,1762516135.93352,1762516141.035151,1762516155.9908633,1762516156.43352,20.5,5.101630926132202,14.95571231842041,1,,145
2025-11-07T11:49:05.879760+00:00,4,RevokeKey,15.0,impaired,0x5fa29fce98e0b1c133d77da4308b49c6aed93de405f251111bb1dabba2181d7a,8042,,1762516141.040736,1762516145.87545,1762516155.9908633,1762516156.040736,15.0,4.834713935852051,10.115413427352905,1,,147
2025-11-07T11:49:10.984547+00:00,5,RevokeKey,15.0,impaired,0x8d6aa3487c15a146c6f9a590e824e7311d7bbd1bc05d24549464f33238b305d5,8043,,1762516145.8798778,1762516150.979346,1762516155.9908633,1762516156.3798778,10.5,5.099468231201172,5.011517286300659,1,,145
2025-11-07T11:49:16.079638+00:00,6,RevokeKey,15.0,impaired,0x1fb5b3711a921c9c61bcf11804642cb238f5142a27861d66131efafec2f3ca56,8044,,1762516150.984657,1762516156.0752997,1762516170.9908633,1762516171.484657,20.5,5.090642690658569,14.915563583374023,1,,144
2025-11-07T11:49:20.924125+00:00,7,RevokeKey,15.0,impaired,0xda692c584f0eea774337eddf613c5f9f97839034ccb557b663e389aa08b589fc,8045,,1762516156.079745,1762516160.9166744,1762516170.9908633,1762516171.079745,15.0,4.8369293212890625,10.074188947677612,1,,145
2025-11-07T11:49:26.013444+00:00,8,RevokeKey,15.0,impaired,0xf30cf1121fede53eac38bc80f285c48876ec91471cf0cae3984fd638d103b4f3,8046,,1762516160.924305,1762516166.0114496,1762516170.9908633,1762516171.424305,10.5,5.087144613265991,4.979413747787476,1,,145
2025-11-07T11:49:31.114751+00:00,9,RevokeKey,15.0,impaired,0xfe11396c51d596d204ca1ccb14033362560af36f25571d5b7dd62805147ecbe0,8047,,1762516166.0134926,1762516171.1080263,1762516185.9908633,1762516186.0134926,20.0,5.094533681869507,14.882837057113647,1,,148
2025-11-07T11:49:35.958418+00:00,10,RevokeKey,15.0,impaired,0x5b52245d6b987648645653543c72ab06973196fb7921ea43ee9339e16ab675f9,8048,,1762516171.1148877,1762516175.952589,1762516185.9908633,1762516186.1148877,15.0,4.837701320648193,10.03827428817749,1,,147
2025-11-07T11:49:41.061051+00:00,11,RevokeKey,15.0,impaired,0x97bd0f5328667f59e56b7382c426599e4be423d76790dc8a2192552d3fc94a51,8049,,1762516175.958544,1762516181.0565562,1762516185.9908633,1762516186.458544,10.5,5.098012208938599,4.934307098388672,1,,145
2025-11-07T11:49:45.911369+00:00,12,RevokeKey,15.0,impaired,0x275ff2df2c94516fe88dd7ee25e65c2446bd3697e042a5b529c4184efda13bb4,8050,,1762516181.0611455,1762516185.8992555,1762516185.9908633,1762516186.0611455,5.0,4.838109970092773,0.09160780906677246,1,,146
2025-11-07T11:49:51.017795+00:00,13,RevokeKey,15.0,impaired,0x8db77c779e0cbd747514057b1ae3033282509788c0395a80e2b061f726e03279,8051,,1762516185.9115722,1762516191.0119238,1762516200.9908633,1762516201.4115722,15.5,5.100351572036743,9.978939533233643,1,,145
2025-11-07T11:49:56.112248+00:00,14,RevokeKey,15.0,impaired,0x2a49860f7e5630027217c26736930686a8a2f5b63733d010e49c1bb6db457ea8,8052,,1762516191.017929,1762516196.105167,1762516200.9908633,1762516201.017929,10.0,5.08723783493042,4.8856964111328125,1,,146
2025-11-07T11:50:00.955569+00:00,15,RevokeKey,15.0,impaired,0xd14cbc32eab4ab0713c1ccbcfd3caeb3304217fcb9c9aa50202cd7cf4d269dba,8053,,1762516196.1123827,1762516200.9511774,1762516200.9908633,1762516201.1123827,5.0,4.838794708251953,0.039685964584350586,1,,144
2025-11-07T11:50:06.039952+00:00,16,RevokeKey,15.0,impaired,0x975f968b9328e48c0f0515cd2c8f08861e45504cc9df5d9ba18568968eb78ded,8054,,1762516200.9556649,1762516206.0345812,1762516215.9908633,1762516216.4556649,15.5,5.078916311264038,9.956282138824463,1,,145
2025-11-07T11:50:11.137934+00:00,17,RevokeKey,15.0,impaired,0x153372338e72a5623a44bf68c41cf7d1c7e419038e9a18380271accfff33476f,8055,,1762516206.0400686,1762516211.1303818,1762516215.9908633,1762516216.0400686,10.0,5.090313196182251,4.86048150062561,1,,148
2025-11-07T11:50:15.991067+00:00,18,RevokeKey,15.0,impaired,0x0e790fcb2406039d4d4ba99d95fb05582df62aebb689907fb18abd97da8bf822,8056,,1762516211.138129,1762516215.9837954,1762516215.9908633,1762516216.138129,5.0,4.845666408538818,0.00706791877746582,1,,148
2025-11-07T11:50:21.083796+00:00,19,RevokeKey,15.0,impaired,0xb31945fc5a7aca09a5b2ab2286aba933d05874e1a35fd33cad14e49729373d0a,8057,,1762516215.9912176,1762516221.0773253,1762516230.9908633,1762516230.9912176,15.0,5.0861077308654785,9.913537979125977,1,,145
2025-11-07T11:50:25.930314+00:00,20,RevokeKey,15.0,impaired,0x63c1c0197b041599130871a38b4dea20def6f1c4cddbcda8580e2912ea289582,8058,,1762516221.0839276,1762516225.9259138,1762516230.9908633,1762516231.0839276,10.0,4.841986179351807,5.0649495124816895,1,,144
2025-11-07T11:50:31.027960+00:00,21,RevokeKey,15.0,impaired,0x1d783cd15a903a2175176f0e65935ea9f97a7abff227cd0a0a8d5db787fcf2f0,8059,,1762516225.930426,1762516231.0213878,1762516245.9908633,1762516246.430426,20.5,5.090961933135986,14.969475507736206,1,,144
2025-11-07T11:50:36.122976+00:00,22,RevokeKey,15.0,impaired,0xc2de1e72816044a41a7536ee065842586b21c636d23c1386704c46f50d768871,8060,,1762516231.0281107,1762516236.1151986,1762516245.9908633,1762516246.0281107,15.0,5.087087869644165,9.875664710998535,1,,148
2025-11-07T11:50:40.954298+00:00,23,RevokeKey,15.0,impaired,0xa72f98be57461757332949fb3fca8307bf672129188cb053fc7fec92544c0c28,8061,,1762516236.1231387,1762516240.950171,1762516245.9908633,1762516246.1231387,10.0,4.8270323276519775,5.040692329406738,1,,146
2025-11-07T11:50:46.044923+00:00,24,RevokeKey,15.0,impaired,0xabcfee152769393f972a63d608d73460cec1868cb7a671c5400d92671d2f8470,8062,,1762516240.9544015,1762516246.0389433,1762516260.9908633,1762516261.4544015,20.5,5.0845417976379395,14.95192003250122,1,,145
2025-11-07T11:50:51.126717+00:00,25,RevokeKey,15.0,impaired,0x9989d32aefaf9d703f55716441e678b28dbf8402a91aed583f7d27c4c920e0ee,8063,,1762516246.0450647,1762516251.1210258,1762516260.9908633,1762516261.0450647,15.0,5.075961112976074,9.869837522506714,1,,146
2025-11-07T11:50:55.954652+00:00,26,RevokeKey,15.0,impaired,0xaa17b84cc28db913c850b57a2c90118fbdf269217693c12ea99e9e3b97877e89,8064,,1762516251.1268735,1762516255.9460077,1762516260.9908633,1762516261.1268735,10.0,4.81913423538208,5.04485559463501,1,,146
2025-11-07T11:51:01.026543+00:00,27,RevokeKey,15.0,impaired,0xe7a968e5a450df054ac3603cc7ebb8a8793021a7f2d9025052de454b8caf4a9e,8065,,1762516255.954855,1762516261.0212069,1762516275.9908633,1762516276.454855,20.5,5.066351890563965,14.969656467437744,1,,145
2025-11-07T11:51:06.092975+00:00,28,RevokeKey,15.0,impaired,0x47a715399e1fcf8f4f0e7cb5f9c2d88ffbf9b42167bbf7e7913d9c1c6a2b0a32,8066,,1762516261.0266666,1762516266.0893552,1762516275.9908633,1762516276.0266666,15.0,5.062688589096069,9.901508092880249,1,,146
2025-11-07T11:51:10.917147+00:00,29,RevokeKey,15.0,impaired,0x2d9725a90282ca2e6015245aaa160af8d9e6aa1cbbf0ed2d40d52554f84d8f44,8067,,1762516266.0931036,1762516270.912482,1762516275.9908633,1762516276.0931036,10.0,4.81937837600708,5.078381299972534,1,,144
2025-11-07T11:51:15.990297+00:00,30,RevokeKey,15.0,impaired,0xa93c2661f650114fdc4526b6d3710057b06af2e6d76a7c3a7c7cd904b3cec367,8068,,1762516270.91728,1762516275.9850202,1762516275.9908633,1762516276.41728,5.5,5.067740201950073,0.005843162536621094,1,,144
2025-11-07T11:51:21.061186+00:00,31,RevokeKey,15.0,impaired,0x5694eaa67025eeae1ad116391ae37ea1c6b5fbee80168ec1323ba3ee9cd473fa,8069,,1762516275.9904253,1762516281.053904,1762516290.9908633,1762516291.4904253,15.5,5.063478708267212,9.936959266662598,1,,145
2025-11-07T11:51:25.892195+00:00,32,RevokeKey,15.0,impaired,0x682c3c61a77d9718723069a5c9eef984ea8f6fcc475595722152bbded356bb20,8070,,1762516281.061344,1762516285.88541,1762516290.9908633,1762516291.061344,10.0,4.824066162109375,5.105453252792358,1,,144
2025-11-07T11:51:30.987462+00:00,33,RevokeKey,15.0,impaired,0x56bf1bc155248486884c1fbed0f9192b383729ad7be6d41151234300947d0ec7,8071,,1762516285.8923826,1762516290.982139,1762516290.9908633,1762516291.3923826,5.5,5.089756488800049,0.008724212646484375,1,,144
2025-11-07T11:51:36.076439+00:00,34,RevokeKey,15.0,impaired,0xf0c6a9a4c2827e3d375a3fdd3f668a089d661677ea54ceaa7c65e31644b5d8b7,8072,,1762516290.9875727,1762516296.0712886,1762516305.9908633,1762516306.4875727,15.5,5.083715915679932,9.919574737548828,1,,148
2025-11-07T11:51:40.911902+00:00,35,RevokeKey,15.0,impaired,0x3e6844bdcff59ccbd816bf4b9829a8883e5cf272154fb9763c49821230a0010e,8073,,1762516296.076555,1762516300.9063234,1762516305.9908633,1762516306.076555,10.0,4.829768419265747,5.084539890289307,1,,145
2025-11-07T11:51:46.010670+00:00,36,RevokeKey,15.0,impaired,0x24a0b6f2d0ba7d683416b3dc0f0c5e4f68aa75bccc7298e8f345e5b78e92e813,8074,,1762516300.9120028,1762516306.0056036,1762516320.9908633,1762516321.4120028,20.5,5.093600749969482,14.985259771347046,1,,144
2025-11-07T11:51:51.102111+00:00,37,RevokeKey,15.0,impaired,0x5da2bc421307d2d07c3e884aa609df0585b40446a4d8a69315ed7c2cedca7873,8075,,1762516306.0107698,1762516311.097045,1762516320.9908633,1762516321.0107698,15.0,5.086275100708008,9.893818378448486,1,,145
2025-11-07T11:51:55.953677+00:00,38,RevokeKey,15.0,impaired,0x01f581baede57ddbf9685b1a4066a13436aefd1a71623f596508ebd7c92b112d,8076,,1762516311.102206,1762516315.9477448,1762516320.9908633,1762516321.102206,10.0,4.845538854598999,5.043118476867676,1,,148
2025-11-07T11:52:01.061857+00:00,39,RevokeKey,15.0,impaired,0x6ec89a7554ee9430a1f76cd4b5c27996f72b7b8b3f49db04c06e456bdef6104b,8077,,1762516315.953877,1762516321.0561242,1762516335.9908633,1762516336.453877,20.5,5.10224723815918,14.934739112854004,1,,145
2025-11-07T11:52:05.919605+00:00,40,RevokeKey,15.0,impaired,0x30216860212fcd37412fdacfbd41394099e1f89c887babac0b5e72aba56a88a7,8078,,1762516321.062023,1762516325.910152,1762516335.9908633,1762516336.062023,15.0,4.848129034042358,10.080711364746094,1,,146
2025-11-07T11:52:11.009002+00:00,41,RevokeKey,15.0,impaired,0xd8e8c3d5f74fc7dbc8d4b21be3d6ae090aeebea2e777bbb1018a94e383693038,8079,,1762516325.9197361,1762516331.001368,1762516335.9908633,1762516336.4197361,10.5,5.081631898880005,4.989495277404785,1,,144
2025-11-07T11:52:16.100188+00:00,42,RevokeKey,15.0,impaired,0x8a38d9ff90f9777021ac230c0aa9ceba7750b0e0d390252973b48d1f1df6b60a,8080,,1762516331.009146,1762516336.0945432,1762516350.9908633,1762516351.009146,20.0,5.085397243499756,14.896320104598999,1,,144
2025-11-07T11:52:20.931181+00:00,43,RevokeKey,15.0,impaired,0x812201975d39782b57af3f158dad631500134bac542c515efb79e62a921ec906,8081,,1762516336.100355,1762516340.922355,1762516350.9908633,1762516351.100355,15.0,4.822000026702881,10.068508386611938,1,,148
2025-11-07T11:52:26.023083+00:00,44,RevokeKey,15.0,impaired,0x0f81de36b4c9a8577f3a5d9ea35a2785edffe368398732721eedd4d3e5002516,8082,,1762516340.9313502,1762516346.0179312,1762516350.9908633,1762516351.4313502,10.5,5.086580991744995,4.9729321002960205,1,,145
2025-11-07T11:52:31.106587+00:00,45,RevokeKey,15.0,impaired,0xb149f3f2e58da9899300ccf8a3284ded973cdfe861702599c6f44ca9e2f3f2c1,8083,,1762516346.023205,1762516351.1024268,1762516365.9908633,1762516366.023205,20.0,5.079221725463867,14.888436555862427,1,,146
2025-11-07T11:52:35.938147+00:00,46,RevokeKey,15.0,impaired,0xba5d7ff31d84b24e077310565db0845c0d53b08fc10ac75ae27b9120f6315bb9,8084,,1762516351.1066837,1762516355.9334188,1762516365.9908633,1762516366.1066837,15.0,4.826735019683838,10.05744457244873,1,,145
2025-11-07T11:52:41.039986+00:00,47,RevokeKey,15.0,impaired,0xb1d21d18aa9a47000e1f64637b983818abfcbd4ede91cd13d03b3f38b06035bb,8085,,1762516355.9382637,1762516361.0334141,1762516365.9908633,1762516366.4382637,10.5,5.095150470733643,4.957449197769165,1,,144
2025-11-07T11:52:46.131601+00:00,48,RevokeKey,15.0,impaired,0xe73b817456c4253bf1fde0b315e746207645d1386446af5552d2144a91896dca,8086,,1762516361.0401049,1762516366.1273222,1762516380.9908633,1762516381.0401049,20.0,5.087217330932617,14.86354112625122,1,,145
2025-11-07T11:52:50.974424+00:00,49,RevokeKey,15.0,impaired,0x50d3f93a2ed8969198c40f7844cc9ae66a129391efe2cb8e7525aff9bdf1ab2f,8087,,1762516366.1316955,1762516370.9695647,1762516380.9908633,1762516381.1316955,15.0,4.837869167327881,10.02129864692688,1,,144
2025-11-07T11:52:56.070834+00:00,50,RevokeKey,15.0,impaired,0xb9aeb23c11131627f436582e008c4e30fd0d9b803ea61bae8170d6cac8451258,8088,,1762516370.9745252,1762516376.0657773,1762516380.9908633,1762516381.4745252,10.5,5.091252088546753,4.92508602142334,1,,145
2025-11-07T11:53:00.905919+00:00,1,RevokeKey,60.0,normal,0xd6522bfb3d8b90e01062ba51e9faabb3b524dc056f40ffe9bc73f32e37532f73,8089,,1762516376.0709562,1762516380.9007206,1762516436.0708852,1762516436.0709562,60.0,4.829764366149902,55.170164585113525,1,,145
2025-11-07T11:53:06.001569+00:00,2,RevokeKey,60.0,normal,0xf5b4d0f363c54d44f02b7e2268c54ed390fd03c617dcec79dc7be6cfe7e2baa0,8090,,1762516380.9060273,1762516385.9954667,1762516436.0708852,1762516436.4060273,55.5,5.089439392089844,50.07541847229004,1,,148
2025-11-07T11:53:11.097401+00:00,3,RevokeKey,60.0,normal,0x48b19361266da1bc4e41f72ccbc9e4e9359d3dae010984157eba6e9634768af8,8091,,1762516386.0016925,1762516391.092362,1762516436.0708852,1762516436.5016925,50.5,5.090669393539429,44.97852325439453,1,,145
2025-11-07T11:53:15.938519+00:00,4,RevokeKey,60.0,normal,0x786b2f4c9e7dbe80abecc727eaa0f590634e59a81a21c131bf7d48d0330fe2d8,8092,,1762516391.0975025,1762516395.9340122,1762516436.0708852,1762516436.0975025,45.0,4.836509704589844,40.13687300682068,1,,146
2025-11-07T11:53:21.029399+00:00,5,RevokeKey,60.0,normal,0xaf4a07288d30c7568d4dcf24f029968bbf9af17785f7830b5a2d028f4e75c016,8093,,1762516395.9386082,1762516401.0244508,1762516436.0708852,1762516436.4386082,40.5,5.085842609405518,35.04643440246582,1,,145
2025-11-07T11:53:26.129415+00:00,6,RevokeKey,60.0,normal,0x44c51e7bfccf816190ff2e25796dc3090ebeff2855953d9459788bd82944cd56,8094,,1762516401.0294979,1762516406.1249006,1762516436.0708852,1762516436.5294979,35.5,5.095402717590332,29.945984601974487,1,,146
2025-11-07T11:53:30.948239+00:00,7,RevokeKey,60.0,normal,0x2ae5ebf86f5d60141d615e10a19122d366d61d797d7c844623de2306d20855c8,8095,,1762516406.1295085,1762516410.94263,1762516436.0708852,1762516436.1295085,30.0,4.813121557235718,25.128255128860474,1,,145
2025-11-07T11:53:36.046515+00:00,8,RevokeKey,60.0,normal,0x60fd1bee6511a762260ca8faaa99c8dcacf81efe2836e2f63b39333cd7d6d6c8,8096,,1762516410.948351,1762516416.039541,1762516436.0708852,1762516436.448351,25.5,5.0911900997161865,20.031344175338745,1,,144
2025-11-07T11:53:40.880187+00:00,9,RevokeKey,60.0,normal,0xe29173eae1ad046fbc5d81d44b50ddc647b7b70b8173c9eefcf4bf579ab0ac75,8097,,1762516416.0466397,1762516420.8758242,1762516436.0708852,1762516436.5466397,20.5,4.829184532165527,15.195060968399048,1,,147
2025-11-07T11:53:45.976871+00:00,10,RevokeKey,60.0,normal,0xe65f2a246ecc10c5c9f2d15b87c06464b321799121621c1fc6b3db32bc8a531e,8098,,1762516420.880296,1762516425.9722407,1762516436.0708852,1762516436.380296,15.5,5.091944694519043,10.098644495010376,1,,145
2025-11-07T11:53:51.072098+00:00,11,RevokeKey,60.0,normal,0x1d0a9a878e16b874d864128da5179a4357089953a9c47fff3222c3f3d5461ad5,8099,,1762516425.9769614,1762516431.0666292,1762516436.0708852,1762516436.4769614,10.5,5.089667797088623,5.004256010055542,1,,145
2025-11-07T11:53:55.905629+00:00,12,RevokeKey,60.0,normal,0x4f88a61c5541fc5b6e32e8c23234e28068b841f818f7b11a366120f1e4c07eb8,8100,,1762516431.072209,1762516435.9002247,1762516436.0708852,1762516436.072209,5.0,4.8280158042907715,0.17066049575805664,1,,145
2025-11-07T11:54:00.997898+00:00,13,RevokeKey,60.0,normal,0x293283c9dade4f3cabe6ffd789ca5bbe50d736050ad0ca005b9dd7daee0d0378,8101,,1762516435.9057338,1762516440.9925187,1762516496.0708852,1762516496.4057338,60.5,5.086784839630127,55.07836651802063,1,,147
2025-11-07T11:54:06.102616+00:00,14,RevokeKey,60.0,normal,0xcf6b891ee045b2e335f0eaf47b8227e8082ee30354e4ca531ebf6821e70a14fb,8102,,1762516440.9980078,1762516446.0975296,1762516496.0708852,1762516496.4980078,55.5,5.09952187538147,49.973355531692505,1,,145
2025-11-07T11:54:10.944938+00:00,15,RevokeKey,60.0,normal,0xe65b643483de0428c6fd81bb1fe9236fdb9e539605b3e67add5fa6ed3cab30d1,8103,,1762516446.102714,1762516450.9385018,1762516496.0708852,1762516496.102714,50.0,4.835787773132324,45.13238334655762,1,,148
2025-11-07T11:54:16.042541+00:00,16,RevokeKey,60.0,normal,0xd9b896a643bfdfcf22eacc966f68385c964700bd8769eeea545302334989a747,8104,,1762516450.9450886,1762516456.0373452,1762516496.0708852,1762516496.4450886,45.5,5.092256546020508,40.03354001045227,1,,148
2025-11-07T11:54:20.883339+00:00,17,RevokeKey,60.0,normal,0x975ca6f88f4aa50ba2f4d0c22148c3c5afdf052e184a9fd4e20555788bb53bd2,8105,,1762516456.0426347,1762516460.8789003,1762516496.0708852,1762516496.5426347,40.5,4.836265563964844,35.19198489189148,1,,146
2025-11-07T11:54:25.971864+00:00,18,RevokeKey,60.0,normal,0xb693dce77709f47fe8c8c5ee249c97eb26cfcf075da0eda327b3087624806882,8106,,1762516460.883447,1762516465.9672997,1762516496.0708852,1762516496.383447,35.5,5.083852767944336,30.103585481643677,1,,148
2025-11-07T11:54:31.059242+00:00,19,RevokeKey,60.0,normal,0x0ab431d5d291b14885415c89b7d27d09ddeba126d81af51ea206aa16499f303b,8107,,1762516465.9719563,1762516471.054911,1762516496.0708852,1762516496.4719563,30.5,5.08295464515686,25.015974283218384,1,,145
2025-11-07T11:54:35.907988+00:00,20,RevokeKey,60.0,normal,0xf4098efc122562cb6cee1507b5ea35b9b65bf9b0899ba2a0abfb4246fe4c63a1,8108,,1762516471.0593352,1762516475.9009528,1762516496.0708852,1762516496.5593352,25.5,4.841617584228516,20.16993236541748,1,,146
2025-11-07T11:54:41.004750+00:00,21,RevokeKey,60.0,normal,0x8e045a65480c7db17f088db6505b28a1b847b8a305859bb13f934ff20d9068d7,8109,,1762516475.9080908,1762516480.9975977,1762516496.0708852,1762516496.4080908,20.5,5.0895068645477295,15.07328748703003,1,,146
2025-11-07T11:54:46.095853+00:00,22,RevokeKey,60.0,normal,0x84791669d0e26bbc170815681fd38dc02b982c53d9b97c4c4af8a9a4287defed,8110,,1762516481.0048676,1762516486.0911486,1762516496.0708852,1762516496.5048676,15.5,5.086281061172485,9.979736566543579,1,,148
2025-11-07T11:54:50.942339+00:00,23,RevokeKey,60.0,normal,0x22c8531e54cbfa4346ae57d8d7d82e70ff34cc789d1dd6ebab8360c64c6e612b,8111,,1762516486.0959487,1762516490.9372995,1762516496.0708852,1762516496.0959487,10.0,4.841350793838501,5.133585691452026,1,,148
2025-11-07T11:54:56.040050+00:00,24,RevokeKey,60.0,normal,0xe7784c7777418837385a410c84847f735060e735c4f47d9eb858aa59c5fca372,8112,,1762516490.942452,1762516496.0359218,1762516496.0708852,1762516496.442452,5.5,5.093469858169556,0.034963369369506836,1,,145
2025-11-07T11:55:00.883432+00:00,25,RevokeKey,60.0,normal,0xed66b84fe8483added6884def43616be36051fc6db3c81f7ff88fb394f40ab1d,8113,,1762516496.0401437,1762516500.8777483,1762516556.0708852,1762516556.5401437,60.5,4.837604522705078,55.1931369304657,1,,145
2025-11-07T11:55:05.983578+00:00,26,RevokeKey,60.0,normal,0x0ca09505cdd9572fbb14f5299b767dd2332523bb76e0e765faeeba12edbe2806,8114,,1762516500.8835702,1762516505.9783814,1762516556.0708852,1762516556.3835702,55.5,5.094811201095581,50.092503786087036,1,,145
2025-11-07T11:55:11.067253+00:00,27,RevokeKey,60.0,normal,0x886e43c1f50b28dd7930ec3f3627f5bd3029a0cf540b35f1fd7f40af97557423,8115,,1762516505.9837346,1762516511.0619845,1762516556.0708852,1762516556.4837346,50.5,5.078249931335449,45.00890064239502,1,,145
2025-11-07T11:55:15.908040+00:00,28,RevokeKey,60.0,normal,0x0ebed8c10ea512fc42c179029ac9ef8f36b90bec166d71bcc661bcf8025e4916,8116,,1762516511.0673547,1762516515.9027781,1762516556.0708852,1762516556.5673547,45.5,4.835423469543457,40.16810703277588,1,,145
2025-11-07T11:55:21.007722+00:00,29,RevokeKey,60.0,normal,0x2eff765612ccb2fb5dd3b1d01ebafb89f8ff9068493969b5e4e3d7a893905f04,8117,,1762516515.9081478,1762516521.0034223,1762516556.0708852,1762516556.4081478,40.5,5.095274448394775,35.06746292114258,1,,146
2025-11-07T11:55:26.099057+00:00,30,RevokeKey,60.0,normal,0xaf617222c0646d77369f22ef06201006f3af4d358cbd785638457355c59cae70,8118,,1762516521.0078177,1762516526.0943754,1762516556.0708852,1762516556.5078177,35.5,5.086557626724243,29.97650980949402,1,,146
2025-11-07T11:55:30.937441+00:00,31,RevokeKey,60.0,normal,0x1f7f1ca84869870a95c291ead6b3711896f90f28dc3d3d2f723e22c9a8ee7b8a,8119,,1762516526.0991552,1762516530.932998,1762516556.0708852,1762516556.0991552,30.0,4.833842754364014,25.137887239456177,1,,144
2025-11-07T11:55:36.031382+00:00,32,RevokeKey,60.0,normal,0x30072dc29a66fe152291462b0952073d1e24b2a81240ae94228ac068a5ac4997,8120,,1762516530.9375706,1762516536.025808,1762516556.0708852,1762516556.4375706,25.5,5.088237524032593,20.045077085494995,1,,145
2025-11-07T11:55:41.123183+00:00,33,RevokeKey,60.0,normal,0x7af9bc33324371b87efdc446b57e8c4993b2e583b86a4e2bd976f61f981c2fc8,8121,,1762516536.0314963,1762516541.1175606,1762516556.0708852,1762516556.5314963,20.5,5.086064338684082,14.953324556350708,1,,145
2025-11-07T11:55:45.958488+00:00,34,RevokeKey,60.0,normal,0x8e1c53cb54fe44003c0bbc02f4023c83e7ff880495d3b7248fe81ac47cc09273,8122,,1762516541.123323,1762516545.9549944,1762516556.0708852,1762516556.123323,15.0,4.831671476364136,10.115890741348267,1,,145
2025-11-07T11:55:51.059512+00:00,35,RevokeKey,60.0,normal,0x5af885ef63bc2b66783e7bc1a43b7820041174325fdcf180837d848b458796c2,8123,,1762516545.9585953,1762516551.054163,1762516556.0708852,1762516556.4585953,10.5,5.09556770324707,5.016722202301025,1,,145
2025-11-07T11:55:55.902114+00:00,36,RevokeKey,60.0,normal,0xef04b4c06d8400f36b522946d4542f7912474cf271c80599f6923b71a22df74d,8124,,1762516551.0596504,1762516555.8969543,1762516556.0708852,1762516556.5596504,5.5,4.837303876876831,0.17393088340759277,1,,145
2025-11-07T11:56:01.005164+00:00,37,RevokeKey,60.0,normal,0x7141a21b6366e868771f30c0f414f47e0ed9c0481c18d8bb785501cc617c2919,8125,,1762516555.9022348,1762516560.9970448,1762516616.0708852,1762516616.4022348,60.5,5.0948100090026855,55.073840379714966,1,,146
2025-11-07T11:56:06.104158+00:00,38,RevokeKey,60.0,normal,0x64fc2c8e7de8e6070f6a8e15f546083952f650ce43021f8fe9e979e7c4d31e73,8126,,1762516561.00533,1762516566.099236,1762516616.0708852,1762516616.50533,55.5,5.093905925750732,49.971649169921875,1,,145
2025-11-07T11:56:10.945368+00:00,39,RevokeKey,60.0,normal,0x4160bfc8c674695a27051fbbb00d5e5101094923b737793a93c8f4b8c2e7d65a,8127,,1762516566.1042585,1762516570.9399698,1762516616.0708852,1762516616.1042585,50.0,4.835711240768433,45.13091540336609,1,,146
2025-11-07T11:56:16.049988+00:00,40,RevokeKey,60.0,normal,0x211fa1dbdb6adaf7b0215bc458b230cf8d2b5b589cea2519eb27adbd144a7d4d,8128,,1762516570.9454687,1762516576.0412762,1762516616.0708852,1762516616.4454687,45.5,5.0958075523376465,40.029608964920044,1,,146
2025-11-07T11:56:20.890868+00:00,41,RevokeKey,60.0,normal,0xf74d47405ac759177f8777bef8bf7a5686fa7ec9e0593821db92b59007721553,8129,,1762516576.050132,1762516580.885443,1762516616.0708852,1762516616.550132,40.5,4.835310935974121,35.185442209243774,1,,145
2025-11-07T11:56:25.997884+00:00,42,RevokeKey,60.0,normal,0xe8f0cfe29a4902e65706f8ff3c2ec7c95f5e91e802efd7e841866dee31149312,8130,,1762516580.890985,1762516585.9885786,1762516616.0708852,1762516616.390985,35.5,5.097593545913696,30.082306623458862,1,,146
2025-11-07T11:56:31.092827+00:00,43,RevokeKey,60.0,normal,0x26f361317802260f7e03481c4396e29be1a9340cdbc43cc76a698635b0e06953,8131,,1762516585.9980726,1762516591.0905485,1762516616.0708852,1762516616.4980726,30.5,5.092475891113281,24.980336666107178,1,,146
2025-11-07T11:56:35.926566+00:00,44,RevokeKey,60.0,normal,0x150c1307c50801e3791b2a966cc5b93045224788c1883556aea0bd8f850f5274,8132,,1762516591.0928853,1762516595.9206855,1762516616.0708852,1762516616.0928853,25.0,4.827800273895264,20.15019965171814,1,,147
2025-11-07T11:56:41.031947+00:00,45,RevokeKey,60.0,normal,0xae1a9a07f8d92b2d1c9b92b8c5b10640a1d28ade0a406514bf1358360bcb067c,8133,,1762516595.9267418,1762516601.0269895,1762516616.0708852,1762516616.4267418,20.5,5.100247621536255,15.043895721435547,1,,145
2025-11-07T11:56:45.878148+00:00,46,RevokeKey,60.0,normal,0xc2d1e590453e8ca160704ffbf0e49c60d7efaa588529546cc5ee0328805f32ae,8134,,1762516601.0320747,1762516605.8729925,1762516616.0708852,1762516616.5320747,15.5,4.8409178256988525,10.197892665863037,1,,148
2025-11-07T11:56:50.974607+00:00,47,RevokeKey,60.0,normal,0x1d8c8d8b349827eeb94c4132d812549b88101dbf89e80651606d87d1db4a9491,8135,,1762516605.8782847,1762516610.96997,1762516616.0708852,1762516616.3782847,10.5,5.0916852951049805,5.100915193557739,1,,148
2025-11-07T11:56:56.070166+00:00,48,RevokeKey,60.0,normal,0xd08196c54fefc251d5cfa6fef2ef2e07ca01f69f80c45dbbc76d4ae2db635912,8136,,1762516610.9747026,1762516616.064247,1762516616.0708852,1762516616.4747026,5.5,5.089544296264648,0.006638288497924805,1,,148
2025-11-07T11:57:00.922539+00:00,49,RevokeKey,60.0,normal,0x8ba0f17ae93dcca46212681a6fceb67809f51078dd129b38f25d42f38dc56a86,8137,,1762516616.0702972,1762516620.9176025,1762516676.0708852,1762516676.5702972,60.5,4.8473052978515625,55.1532826423645,1,,145
2025-11-07T11:57:06.019426+00:00,50,RevokeKey,60.0,normal,0xd71feadb66a64210fbffbdecd30003db933231771bc3287cc00afffe0bd8ed64,8138,,1762516620.9226565,1762516626.0139556,1762516676.0708852,1762516676.4226565,55.5,5.091299057006836,50.05692958831787,1,,145
2025-11-07T11:57:11.111502+00:00,1,RevokeKey,60.0,impaired,0x497a8bfb04e4c96232ed7767c8870cb3ad61a3aba961b039e39a4d8b8404f212,8139,,1762516626.0195389,1762516631.1070907,1762516686.0194712,1762516686.0195389,60.0,5.087551832199097,54.91238045692444,1,,146
2025-11-07T11:57:15.953523+00:00,2,RevokeKey,60.0,impaired,0xb1b20d286f36b4aa3ad96889f22595339ad4341bb0961ed67bb03a604ab43da8,8140,,1762516631.1116068,1762516635.9480293,1762516686.0194712,1762516686.1116068,55.0,4.836422443389893,50.071441888809204,1,,147
2025-11-07T11:57:21.047364+00:00,3,RevokeKey,60.0,impaired,0xd281fc6fe30ca1a5065af6a5de21952b4137c4b8ff00da1602dca05fd7a6353f,8141,,1762516635.9536502,1762516641.0418818,1762516686.0194712,1762516686.4536502,50.5,5.088231563568115,44.97758936882019,1,,145
2025-11-07T11:57:25.902455+00:00,4,RevokeKey,60.0,impaired,0x6557c6896bd84d26c1389b5417043b4e5caf5bb3f4b72372966c670789e80d99,8142,,1762516641.0475135,1762516645.8965278,1762516686.0194712,1762516686.0475135,45.0,4.8490142822265625,40.12294340133667,1,,145
2025-11-07T11:57:31.019143+00:00,5,RevokeKey,60.0,impaired,0x1e1dc98adec4f224fdd1e2ac3686cfbe0d53f3b02694c1bf203a74e4ca5c49c1,8143,,1762516645.9025624,1762516651.0084822,1762516686.0194712,1762516686.4025624,40.5,5.10591983795166,35.01098895072937,1,,147
2025-11-07T11:57:36.125040+00:00,6,RevokeKey,60.0,impaired,0xc2ef33f4375790d3520d085133906420582621278f056efb3c3734225d1fafd1,8144,,1762516651.0193717,1762516656.1180258,1762516686.0194712,1762516686.5193717,35.5,5.09865403175354,29.901445388793945,1,,146
2025-11-07T11:57:40.970106+00:00,7,RevokeKey,60.0,impaired,0x2eb9dd1d205ad883eb865a9e44924e088e0044f6731e3c85e7ed80ab1b915d97,8145,,1762516656.125164,1762516660.965144,1762516686.0194712,1762516686.125164,30.0,4.839979887008667,25.054327249526978,1,,146
2025-11-07T11:57:46.064641+00:00,8,RevokeKey,60.0,impaired,0x37491111d8bb8c0c013223738fc65049c7f509a6c034ef82f2bddc2627939c1f,8146,,1762516660.9702172,1762516666.0591674,1762516686.0194712,1762516686.4702172,25.5,5.088950157165527,19.960303783416748,1,,145
2025-11-07T11:57:50.920002+00:00,9,RevokeKey,60.0,impaired,0x7208055a74493aa4768b20b98d74542093aed8a38c66f126e9291516234d31e9,8147,,1762516666.0647626,1762516670.9142654,1762516686.0194712,1762516686.0647626,20.0,4.849502801895142,15.105205774307251,1,,146
2025-11-07T11:57:56.018113+00:00,10,RevokeKey,60.0,impaired,0x2abd77b84054688b6c85b208b288e4a556bc2f3793cb126039eaf33320792ca5,8148,,1762516670.9201086,1762516676.0103345,1762516686.0194712,1762516686.4201086,15.5,5.0902259349823,10.00913667678833,1,,148
2025-11-07T11:58:01.110166+00:00,11,RevokeKey,60.0,impaired,0xce1dbe6b0f2346847d9bc1afab5dd2bfa79850d671636bb5414177aa204f61d0,8149,,1762516676.0182705,1762516681.1053567,1762516686.0194712,1762516686.5182705,10.5,5.087086200714111,4.914114475250244,1,,145
2025-11-07T11:58:05.954033+00:00,12,RevokeKey,60.0,impaired,0xf7805a9b8d7f6d93674afc314fa32a7462ea7d105f03bbd60adf7fa17e126ec7,8150,,1762516681.1102655,1762516685.9459033,1762516686.0194712,1762516686.1102655,5.0,4.835637807846069,0.07356786727905273,1,,146
2025-11-07T11:58:11.072989+00:00,13,RevokeKey,60.0,impaired,0xfc2a2727b0c2c1e78d67651b283c121c1a51fb2d90a8c64dc6ba08f00c027474,8151,,1762516685.9542656,1762516691.0646248,1762516746.0194712,1762516746.4542656,60.5,5.110359191894531,54.95484638214111,1,,146
2025-11-07T11:58:15.920344+00:00,14,RevokeKey,60.0,impaired,0xc438a59db1a05d0b1518acc3e003d6fc9a00f5680e7b489942e9465d6b1e4238,8152,,1762516691.0731661,1762516695.914328,1762516746.0194712,1762516746.0731661,55.0,4.8411619663238525,50.10514307022095,1,,145
2025-11-07T11:58:21.021170+00:00,15,RevokeKey,60.0,impaired,0xbc73e794eecda1fff714a7efed173c8d0e131086a03b1cd270b5e8063c3a9169,8153,,1762516695.9204674,1762516701.0159287,1762516746.0194712,1762516746.4204674,50.5,5.095461368560791,45.00354242324829,1,,148
2025-11-07T11:58:26.119850+00:00,16,RevokeKey,60.0,impaired,0xcb6bf8b2b4a4e99d4933f3af8b708b5034a8fc84e64a0d5cca6042abc61e053f,8154,,1762516701.021291,1762516706.1147084,1762516746.0194712,1762516746.021291,45.0,5.093417406082153,39.904762744903564,1,,147
2025-11-07T11:58:30.967002+00:00,17,RevokeKey,60.0,impaired,0xcf2296484d855e337e50493fddbf301d4ff798af2c8d9d2779c3ff8190d6a430,8155,,1762516706.1199877,1762516710.9623587,1762516746.0194712,1762516746.1199877,40.0,4.842370986938477,35.05711245536804,1,,146
2025-11-07T11:58:36.064501+00:00,18,RevokeKey,60.0,impaired,0xa098cdb27796e6700c2b85b2a734efb30fcecba85cfbcb5c9b5b543b7fc9d353,8156,,1762516710.9671104,1762516716.0588846,1762516746.0194712,1762516746.4671104,35.5,5.091774225234985,29.960586547851562,1,,148
2025-11-07T11:58:40.907883+00:00,19,RevokeKey,60.0,impaired,0xa98ddac64740e987d54850ce0e10b3f601daaa8b8ad8f38d444b84c8abe95468,8157,,1762516716.064604,1762516720.8999794,1762516746.0194712,1762516746.064604,30.0,4.8353753089904785,25.119491815567017,1,,144
2025-11-07T11:58:46.016716+00:00,20,RevokeKey,60.0,impaired,0xd4e98af4cfe15e37bf843d856a4c06a5e483c80ad3696550e44d05b97f9db759,8158,,1762516720.9081254,1762516726.010763,1762516746.0194712,1762516746.4081254,25.5,5.102637529373169,20.008708238601685,1,,145
2025-11-07T11:58:51.128461+00:00,21,RevokeKey,60.0,impaired,0x0b651f9ed0759e1c8d23e9851061291c90153aae4b2eeda3305f6cf3ad081569,8159,,1762516726.0168982,1762516731.1208389,1762516746.0194712,1762516746.5168982,20.5,5.103940725326538,14.898632287979126,1,,146
2025-11-07T11:58:55.972497+00:00,22,RevokeKey,60.0,impaired,0xdca2cac7de42c86526087c7e602b9b017ff1aa7d24df2cc7ef7a697fb1fe6099,8160,,1762516731.1286135,1762516735.966639,1762516746.0194712,1762516746.1286135,15.0,4.8380255699157715,10.052832126617432,1,,146
2025-11-07T11:59:01.071699+00:00,23,RevokeKey,60.0,impaired,0x0458dd015302146bd4dee0d5df11f42880106fdd9a24807a34796e6d6c07aed1,8161,,1762516735.9726205,1762516741.0661511,1762516746.0194712,1762516746.4726205,10.5,5.093530654907227,4.953320026397705,1,,146
2025-11-07T11:59:05.927954+00:00,24,RevokeKey,60.0,impaired,0xf7b47ef978b6d815ff2dca669bf9bd4be84ed1f288361c01f5ecf7d687fa54c5,8162,,1762516741.071841,1762516745.9195187,1762516746.0194712,1762516746.071841,5.0,4.847677707672119,0.09995245933532715,1,,146
2025-11-07T11:59:11.031719+00:00,25,RevokeKey,60.0,impaired,0xa9ae7431f9408ff6ffe9b0114a60e7841e48bdd555e48b561224c6a8f06cda71,8163,,1762516745.9281352,1762516751.0260122,1762516806.0194712,1762516806.4281352,60.5,5.097877025604248,54.99345898628235,1,,146
2025-11-07T11:59:15.891117+00:00,26,RevokeKey,60.0,impaired,0x189347ecb859dff859e27ad18515fc57e37b9a7784ed0b7d4b763b82209ee4d3,8164,,1762516751.0318906,1762516755.8792636,1762516806.0194712,1762516806.0318906,55.0,4.847373008728027,50.14020752906799,1,,147
2025-11-07T11:59:20.987959+00:00,27,RevokeKey,60.0,impaired,0x52109caa4e94fb312a6077e3050053910f23ce91c8e940cca5310e9265e2c78f,8165,,1762516755.891332,1762516760.9814994,1762516806.0194712,1762516806.391332,50.5,5.09016752243042,45.03797173500061,1,,144
2025-11-07T11:59:26.086799+00:00,28,RevokeKey,60.0,impaired,0xf3a8efd914e0d2f0511470b2a65a18dd185fc9edffc7a28f5e38182f68077fe2,8166,,1762516760.9881117,1762516766.0812232,1762516806.0194712,1762516806.4881117,45.5,5.093111515045166,39.93824791908264,1,,145
2025-11-07T11:59:30.943468+00:00,29,RevokeKey,60.0,impaired,0x0da2ae498b8103db8166bbe49bc92ff6d23b9595f16dacd37565c017ce55fa80,8167,,1762516766.0869255,1762516770.934773,1762516806.0194712,1762516806.0869255,40.0,4.8478474617004395,35.08469820022583,1,,147
2025-11-07T11:59:36.036829+00:00,30,RevokeKey,60.0,impaired,0x9fffe83b23d50c4d351e4c870665ec24ebb805c37a863cd649efe8475af73778,8168,,1762516770.9436364,1762516776.0347579,1762516806.0194712,1762516806.4436364,35.5,5.091121435165405,29.984713315963745,1,,146
2025-11-07T11:59:41.129797+00:00,31,RevokeKey,60.0,impaired,0x32b2dc7323b1f0b157246c830a1c1dbe0c57aa8407501fc3a92d7d02e869a2e7,8169,,1762516776.0368922,1762516781.1223288,1762516806.0194712,1762516806.0368922,30.0,5.085436582565308,24.89714241027832,1,,146
2025-11-07T11:59:45.968594+00:00,32,RevokeKey,60.0,impaired,0x6302fd75be903a0331e16e3e1103bd57f8133abe8c27141f0aa4f6affd81d334,8170,,1762516781.1299355,1762516785.9604888,1762516806.0194712,1762516806.1299355,25.0,4.830553293228149,20.058982372283936,1,,146
2025-11-07T11:59:51.067517+00:00,33,RevokeKey,60.0,impaired,0x5eddc6c4d9158d229b8894345edba1c94091fc8b5dac55e4dad066741b89c08d,8171,,1762516785.9687996,1762516791.0622785,1762516806.0194712,1762516806.4687996,20.5,5.0934789180755615,14.957192659378052,1,,145
2025-11-07T11:59:55.907693+00:00,34,RevokeKey,60.0,impaired,0xe8b83ffc67456ca1d20224836952414bbad56afa47d6ca95ccf0d96d9b2b224d,8172,,1762516791.06763,1762516795.8998687,1762516806.0194712,1762516806.06763,15.0,4.832238674163818,10.11960244178772,1,,145
2025-11-07T12:00:01.012869+00:00,35,RevokeKey,60.0,impaired,0x8a7eafb43ab6e66fb7a4f528e5bb07d10097a068b16b8d47af5b5897ff153d3c,8173,,1762516795.9079072,1762516801.005465,1762516806.0194712,1762516806.4079072,10.5,5.097557783126831,5.0140061378479,1,,144
2025-11-07T12:00:06.111307+00:00,36,RevokeKey,60.0,impaired,0x4231461f81d5018ea6ae2b67197d226134e1ea75da6c1eab08e44717f5d69562,8174,,1762516801.013042,1762516806.1032805,1762516866.0194712,1762516866.513042,65.5,5.090238571166992,59.91619062423706,1,,148
2025-11-07T12:00:10.954069+00:00,37,RevokeKey,60.0,impaired,0x3b7189e2bd979a4b303d8b6129976f9e3492d9fb377445547eaeaa92006d9b4a,8175,,1762516806.11148,1762516810.948055,1762516866.0194712,1762516866.11148,60.0,4.836575031280518,55.07141613960266,1,,145
2025-11-07T12:00:16.055676+00:00,38,RevokeKey,60.0,impaired,0xf661182491ed8b50112184e381ea3c0b7c4a8fa5a803376825de042bf542a6ac,8176,,1762516810.9542184,1762516816.0481105,1762516866.0194712,1762516866.4542184,55.5,5.0938920974731445,49.97136068344116,1,,145
2025-11-07T12:00:20.901946+00:00,39,RevokeKey,60.0,impaired,0x9b476e2490744604d294debf426df98d7717efcf855a303df646bb130040836f,8177,,1762516816.055815,1762516820.8957424,1762516866.0194712,1762516866.055815,50.0,4.839927434921265,45.12372875213623,1,,148
2025-11-07T12:00:25.995272+00:00,40,RevokeKey,60.0,impaired,0xc0848fc92ab92136bd7ade9a38029b9aeed35c961f9c33de3dbc1cb3c525b737,8178,,1762516820.9020755,1762516825.9888778,1762516866.0194712,1762516866.4020755,45.5,5.086802244186401,40.030593395233154,1,,146
2025-11-07T12:00:31.114917+00:00,41,RevokeKey,60.0,impaired,0xafe73feabd783697b80ef1df2078c98969b172bdf76c999cf8d2155554e98840,8179,,1762516825.9954107,1762516831.109787,1762516866.0194712,1762516866.4954107,40.5,5.1143763065338135,34.90968418121338,1,,145
2025-11-07T12:00:35.958087+00:00,42,RevokeKey,60.0,impaired,0x3f373c8e998033f3c3504ebdd6091bef925e0ba282c401c887f7008b7b56be13,8180,,1762516831.1150281,1762516835.952306,1762516866.0194712,1762516866.1150281,35.0,4.837277889251709,30.06716513633728,1,,144
2025-11-07T12:00:41.047127+00:00,43,RevokeKey,60.0,impaired,0x7d7b22953373d163483b327508f27be889c374f7b4bc6f1bf2efe3d8829de04f,8181,,1762516835.9581957,1762516841.0402749,1762516866.0194712,1762516866.4581957,30.5,5.082079172134399,24.979196310043335,1,,145
2025-11-07T12:00:46.119718+00:00,44,RevokeKey,60.0,impaired,0x335db1079dffc1580c13647d9cb268c651a7604312e82cbfb9743321ffc31c74,8182,,1762516841.0472906,1762516846.115218,1762516866.0194712,1762516866.0472906,25.0,5.067927360534668,19.904253244400024,1,,147
2025-11-07T12:00:50.935525+00:00,45,RevokeKey,60.0,impaired,0xcacbfa370913c3eb1ce8ef56a4c14c7e04ffd2a02278fa0cf32266869787c2be,8183,,1762516846.119809,1762516850.9302206,1762516866.0194712,1762516866.119809,20.0,4.810411691665649,15.089250564575195,1,,147
2025-11-07T12:00:56.000663+00:00,46,RevokeKey,60.0,impaired,0xe5aafe2058f80f6dce2e5b9b2d91f419618eb5be8c8e75a03bf21eaffd7611f1,8184,,1762516850.9356415,1762516855.9988763,1762516866.0194712,1762516866.4356415,15.5,5.063234806060791,10.020594835281372,1,,145
2025-11-07T12:01:01.087717+00:00,47,RevokeKey,60.0,impaired,0xaa6971ad04fec27f43c04e54743966e04b7e081a622d57aeb16549fd46eb45dc,8185,,1762516856.000726,1762516861.0830467,1762516866.0194712,1762516866.500726,10.5,5.082320690155029,4.936424493789673,1,,144
2025-11-07T12:01:05.928120+00:00,48,RevokeKey,60.0,impaired,0xdc9f84a12b05bffa16700c7b77d76cd26c4e6dabb62aa02752172f413e2bdf19,8186,,1762516861.0878162,1762516865.9215288,1762516866.0194712,1762516866.0878162,5.0,4.833712577819824,0.09794235229492188,1,,146
2025-11-07T12:01:11.027212+00:00,49,RevokeKey,60.0,impaired,0x113d19a89568ae8fc9471df196416701ed8a40c9f8cec072581b480292f6abe9,8187,,1762516865.928274,1762516871.0225134,1762516926.0194712,1762516926.428274,60.5,5.0942394733428955,54.996957778930664,1,,145
2025-11-07T12:01:15.881546+00:00,50,RevokeKey,60.0,impaired,0x8f37c33756ce0810e8979a9fa67ec712aa9df6cbe199df30d1c3d9d1fccdf59b,8188,,1762516871.0273492,1762516875.876172,1762516926.0194712,1762516926.0273492,55.0,4.848822832107544,50.1432991027832,1,,145
2025-11-07T12:01:20.994279+00:00,1,RecallModel,15.0,normal,0x3607fc7e4a8081e12cc24325d73c2459d8e41eb10694fd66c284dc39114fae85,8189,,1762516875.8818007,1762516880.9864357,1762516890.8816752,1762516890.8818007,15.0,5.104635000228882,9.89523959159851,1,,203
2025-11-07T12:01:26.092777+00:00,2,RecallModel,15.0,normal,0x96697eaa0b74d999c6fe665d226e8cbebf021e09fe538ea538d4c4ba0ea99fa9,8190,,1762516880.994449,1762516886.085838,1762516890.8816752,1762516890.994449,10.0,5.091389179229736,4.795837163925171,1,,203
2025-11-07T12:01:30.920413+00:00,3,RecallModel,15.0,normal,0xddb70c06084d52a514b9e9b5426c821f691258b51068711480ef6ed2639382ed,8191,,1762516886.092995,1762516890.9180815,1762516905.8816752,1762516906.092995,20.0,4.82508659362793,14.96359372138977,1,,203
2025-11-07T12:01:36.007039+00:00,4,RecallModel,15.0,normal,0x056e5322a933a8e02882859a1003e329fbdbd43eae026b656ad641bfa7a6e9db,8192,,1762516890.9204836,1762516896.0022206,1762516905.8816752,1762516905.9204836,15.0,5.081737041473389,9.879454612731934,1,,203
2025-11-07T12:01:41.107798+00:00,5,RecallModel,15.0,normal,0xdc9374ae8481ba6ab421bf9e18b6cee27cdf153ced11442bbecf31c93ac31419,8193,,1762516896.007142,1762516901.1004837,1762516905.8816752,1762516906.007142,10.0,5.093341588973999,4.78119158744812,1,,203
2025-11-07T12:01:45.962693+00:00,6,RecallModel,15.0,normal,0xded96fb40a0ef73bb078a01fa8aa551ca4249823516f924848a671f8e0ab0ec3,8194,,1762516901.1079707,1762516905.9576013,1762516920.8816752,1762516921.1079707,20.0,4.84963059425354,14.924073934555054,1,,203
2025-11-07T12:01:51.062831+00:00,7,RecallModel,15.0,normal,0x22a589b27e7acf03ab7539510cdb6a88a5fbebe6d9b79a26d5e283ff1de56307,8195,,1762516905.9627986,1762516911.0551634,1762516920.8816752,1762516920.9627986,15.0,5.09236478805542,9.826511859893799,1,,203
2025-11-07T12:01:55.916989+00:00,8,RecallModel,15.0,normal,0x9d2ce75519c29869600439a156c325b899b3f0d63edc88a53633eacc1ece1920,8196,,1762516911.0629811,1762516915.9084103,1762516920.8816752,1762516921.0629811,10.0,4.845429182052612,4.973264932632446,1,,203
2025-11-07T12:02:01.018248+00:00,9,RecallModel,15.0,normal,0x7c1e9e2807fe040675b105dd867acb33d29e57d6f073002181dfa090b86313ed,8197,,1762516915.9172618,1762516921.0134394,1762516935.8816752,1762516935.9172618,20.0,5.096177577972412,14.86823582649231,1,,203
2025-11-07T12:02:06.113242+00:00,10,RecallModel,15.0,normal,0x6fb41e61d5e2fcdb15f6f5de22053cc73a5b2a65ff785a35a36d8dd12f5bbc0f,8198,,1762516921.0183516,1762516926.108955,1762516935.8816752,1762516936.0183516,15.0,5.090603351593018,9.772720336914062,1,,203
2025-11-07T12:02:10.955449+00:00,11,RecallModel,15.0,normal,0x593a3d0927357f1c073babd169e83fb46e7d13d44fd370bd5a8a3dc46c2d0f4d,8199,,1762516926.1133432,1762516930.9502845,1762516935.8816752,1762516936.1133432,10.0,4.836941242218018,4.931390762329102,1,,203
2025-11-07T12:02:16.048335+00:00,12,RecallModel,15.0,normal,0x596416d3204b617cc65585b93e49fcad6b24eee3ab3d95f5b503809cef72d2fd,8200,,1762516930.9555647,1762516936.043208,1762516950.8816752,1762516950.9555647,20.0,5.087643146514893,14.838467359542847,1,,203
2025-11-07T12:02:20.885763+00:00,13,RecallModel,15.0,normal,0x0c5c6d47310743427c0bb8d32e531b69030f88e244aa65fbe40c9ba43d8c7d7d,8201,,1762516936.0484438,1762516940.880941,1762516950.8816752,1762516951.0484438,15.0,4.8324971199035645,10.000734329223633,1,,203
2025-11-07T12:02:25.976308+00:00,14,RecallModel,15.0,normal,0x0c86293897a69351e0a9e0881f1eef0b1a2dd5679d987d0172719b72a77df96f,8202,,1762516940.88588,1762516945.9723089,1762516950.8816752,1762516950.88588,10.0,5.086428880691528,4.9093663692474365,1,,203
2025-11-07T12:02:31.071290+00:00,15,RecallModel,15.0,normal,0x49acd5eb31415f22ed8c1b9ecb40631a53ce7c95aaa6ae055accf08797f77968,8203,,1762516945.9764147,1762516951.0655951,1762516965.8816752,1762516965.9764147,20.0,5.0891804695129395,14.816080093383789,1,,203
2025-11-07T12:02:35.914448+00:00,16,RecallModel,15.0,normal,0x5ba54a1e1cd12fc7fa6fd75b384a5cc28f506d27a8261c3b3a73bb5a568ea2fe,8204,,1762516951.0714302,1762516955.9080634,1762516965.8816752,1762516966.0714302,15.0,4.836633205413818,9.973611831665039,1,,203
2025-11-07T12:02:41.012822+00:00,17,RecallModel,15.0,normal,0xfd438939da457bef9b8348461432460b01bb6e745e38d934c55a95ef04df81a3,8205,,1762516955.9146366,1762516961.0066953,1762516965.8816752,1762516965.9146366,10.0,5.0920586585998535,4.8749799728393555,1,,203
2025-11-07T12:02:46.113992+00:00,18,RecallModel,15.0,normal,0xa052264beb4f3c72c6caa089ae7d61ab7ef49aa55575819152794997f3429188,8206,,1762516961.0129306,1762516966.1062093,1762516980.8816752,1762516981.0129306,20.0,5.093278646469116,14.775465965270996,1,,203
2025-11-07T12:02:50.987891+00:00,19,RecallModel,15.0,normal,0x35b86998c3a8e2c7cb7372d5dcb561448ced81be536d069b3f125b53b1307201,8207,,1762516966.1141682,1762516970.982303,1762516980.8816752,1762516981.1141682,15.0,4.8681347370147705,9.899372339248657,1,,203
2025-11-07T12:02:56.097920+00:00,20,RecallModel,15.0,normal,0xc0e2b8b51330be565b7cf0126da8d149c6b7e37c67416ecc34803fa9b7997090,8208,,1762516970.9880066,1762516976.0871086,1762516980.8816752,1762516980.9880066,10.0,5.099102020263672,4.794566631317139,1,,203
2025-11-07T12:03:00.958905+00:00,21,RecallModel,15.0,normal,0x240465aecc00fbb4563efaf4495300e604f631e2b60084692a292bad2ae4cdd0,8209,,1762516976.0981073,1762516980.9537745,1762516995.8816752,1762516996.0981073,20.0,4.8556671142578125,14.927900791168213,1,,203
2025-11-07T12:03:06.063612+00:00,22,RecallModel,15.0,normal,0x0198a7d5c4c3094aac977fb8b4ca426ce96d6d5dda6659a1e3d7271c01d6423a,8210,,1762516980.9589996,1762516986.0547779,1762516995.8816752,1762516995.9589996,15.0,5.095778226852417,9.826897382736206,1,,203
2025-11-07T12:03:10.915944+00:00,23,RecallModel,15.0,normal,0xbaf34cdc4ed51ebc1bf67833f967d807e58d10c2444c0b8c47df6a9a12cfe413,8211,,1762516986.063904,1762516990.9111924,1762516995.8816752,1762516996.063904,10.0,4.847288370132446,4.97048282623291,1,,203
2025-11-07T12:03:16.013034+00:00,24,RecallModel,15.0,normal,0xaf83176ce3e225f3c59904ff77719ebe19ac7325c39ca2a0f11acdb900fac5c8,8212,,1762516990.916054,1762516996.0050201,1762517010.8816752,1762517010.916054,20.0,5.088966131210327,14.876655101776123,1,,203
2025-11-07T12:03:21.096201+00:00,25,RecallModel,15.0,normal,0x4fdd176fe58a8cf6c28e4dfe18ddbd221cd9686fe659c53a5e341cf9be24d9be,8213,,1762516996.0131373,1762517001.0892544,1762517010.8816752,1762517011.0131373,15.0,5.076117038726807,9.792420864105225,1,,203
2025-11-07T12:03:25.933292+00:00,26,RecallModel,15.0,normal,0x3485e1c6ae004d40a19e031505c55fc0c655741a7f000e16a89e377162c1e97c,8214,,1762517001.0963488,1762517005.928629,1762517010.8816752,1762517011.0963488,10.0,4.832280158996582,4.9530463218688965,1,,203
2025-11-07T12:03:31.021637+00:00,27,RecallModel,15.0,normal,0xe881244ff7651b001f127907f4fc8a074853bef816a9fccab06e154454756c71,8215,,1762517005.9333932,1762517011.0163348,1762517025.8816752,1762517025.9333932,20.0,5.08294153213501,14.8653404712677,1,,203
2025-11-07T12:03:36.113157+00:00,28,RecallModel,15.0,normal,0xfc81499caa9da713a47b29aa6697c139ccef1916e433135112038fdf243cafdb,8216,,1762517011.0217624,1762517016.1053483,1762517025.8816752,1762517026.0217624,15.0,5.083585977554321,9.776326894760132,1,,203
2025-11-07T12:03:40.941280+00:00,29,RecallModel,15.0,normal,0x4ff7f1df96d702790da0f25ca85090c0142beca44c42e994a2938a9cda248299,8217,,1762517016.1132948,1762517020.9361234,1762517025.8816752,1762517026.1132948,10.0,4.822828531265259,4.945551872253418,1,,203
2025-11-07T12:03:46.035728+00:00,30,RecallModel,15.0,normal,0x1e1791f8b5289fe586f59e4a7ba01b24daad94274ae16eb6048937fc539fa01a,8218,,1762517020.941381,1762517026.0339913,1762517040.8816752,1762517040.941381,20.0,5.0926103591918945,14.847683906555176,1,,203
2025-11-07T12:03:51.121513+00:00,31,RecallModel,15.0,normal,0xa0d55f40ccb10c3ee20c292defad66d2c2a37ba01f4726f0d721a582ad5f59f0,8219,,1762517026.0357718,1762517031.1158407,1762517040.8816752,1762517041.0357718,15.0,5.080068826675415,9.76583456993103,1,,203
2025-11-07T12:03:55.953960+00:00,32,RecallModel,15.0,normal,0xd507c8a965f14497bc17009ec4bf4a5e2fa77ed13e67fe2884d231adcb2686ff,8220,,1762517031.121669,1762517035.9421685,1762517040.8816752,1762517041.121669,10.0,4.820499420166016,4.939506769180298,1,,203
2025-11-07T12:04:01.053637+00:00,33,RecallModel,15.0,normal,0x10acbd3e58f50d48fdeed588ef685bd9cddc8adb73819b9eb0fddb103d225226,8221,,1762517035.9541953,1762517041.0479143,1762517055.8816752,1762517055.9541953,20.0,5.093719005584717,14.833760976791382,1,,203
2025-11-07T12:04:05.896282+00:00,34,RecallModel,15.0,normal,0xe80d8ede3928bc0cb797ad258c0a14f93a5da64d5454799f05674026a9b3765e,8222,,1762517041.0537543,1762517045.8919687,1762517055.8816752,1762517056.0537543,15.0,4.83821439743042,9.98970651626587,1,,203
2025-11-07T12:04:10.997226+00:00,35,RecallModel,15.0,normal,0x33788b7c0ca8d7516de5d49d99c039c18928bf4e18e72568ff0523fbf89585c6,8223,,1762517045.8964057,1762517050.9905844,1762517055.8816752,1762517055.8964057,10.0,5.094178676605225,4.8910908699035645,1,,203
2025-11-07T12:04:16.088831+00:00,36,RecallModel,15.0,normal,0xad1aa3013aef6e8c3b445c54b24f6830b88bfd3326093b50f28abf6a38e5046c,8224,,1762517050.997403,1762517056.0849767,1762517070.8816752,1762517070.997403,20.0,5.087573766708374,14.796698570251465,1,,203
2025-11-07T12:04:20.913307+00:00,37,RecallModel,15.0,normal,0xf95c69f6b73c5cce2bc154868acbb968cf8393ac22341b10ea1a3864c35a3a86,8225,,1762517056.0889368,1762517060.9111924,1762517070.8816752,1762517071.0889368,15.0,4.822255611419678,9.97048282623291,1,,203
2025-11-07T12:04:25.993389+00:00,38,RecallModel,15.0,normal,0x4412620a0458e4012d4bb85f29ed2d828193fa50f02d262f6c266eed64c1b897,8226,,1762517060.913378,1762517065.988299,1762517070.8816752,1762517070.913378,10.0,5.074920892715454,4.893376350402832,1,,203
2025-11-07T12:04:31.095777+00:00,39,RecallModel,15.0,normal,0xcc9c6f11f904fe841e4d7d919075c81aa76c0c6d879d8a8205da830fd96c3303,8227,,1762517065.9934888,1762517071.0883477,1762517085.8816752,1762517085.9934888,20.0,5.094858884811401,14.793327569961548,1,,203
2025-11-07T12:04:35.936248+00:00,40,RecallModel,15.0,normal,0xc73199da845b9a136702abff70925351d45a37c420115b550eee455d91a4c36c,8228,,1762517071.0959082,1762517075.931178,1762517085.8816752,1762517086.0959082,15.0,4.835269927978516,9.950497150421143,1,,203
2025-11-07T12:04:41.040501+00:00,41,RecallModel,15.0,normal,0x367e4258ae395a15d94e53dab4d00b822a382d88a02ad435745106bd51f43308,8229,,1762517075.936367,1762517081.0302682,1762517085.8816752,1762517085.936367,10.0,5.09390115737915,4.851407051086426,1,,203
2025-11-07T12:04:45.904198+00:00,42,RecallModel,15.0,normal,0x20ba5e8430833126b66558ef2739e140be6d9adb9306b1620c47c49a2cc8cda5,8230,,1762517081.0407715,1762517085.8988707,1762517100.8816752,1762517101.0407715,20.0,4.8580992221832275,14.982804536819458,1,,203
2025-11-07T12:04:51.002338+00:00,43,RecallModel,15.0,normal,0xfb19dffa20ca20e429daa23384563fdd91a9af1a2fdd8a2f6cf0e505e1a961db,8231,,1762517085.904303,1762517090.995455,1762517100.8816752,1762517100.904303,15.0,5.09115195274353,9.886220216751099,1,,203
2025-11-07T12:04:56.098867+00:00,44,RecallModel,15.0,normal,0x3bf9a046386944e0867dbd1ebe63e3ef075863c0245fd3c8b2e85be5c1fc655a,8232,,1762517091.002469,1762517096.0930889,1762517100.8816752,1762517101.002469,10.0,5.090619802474976,4.788586378097534,1,,203
2025-11-07T12:05:00.937738+00:00,45,RecallModel,15.0,normal,0xf8a82192a80f67f99300433a8bb05f6dbb349f76e7fdf504d8c6b750a9f21e50,8233,,1762517096.0989947,1762517100.933547,1762517115.8816752,1762517116.0989947,20.0,4.83455228805542,14.94812822341919,1,,203
2025-11-07T12:05:06.050357+00:00,46,RecallModel,15.0,normal,0x601756e4e32ee9bf5d1147e6445919a12dbb404d61ccb85d59b75ce0a46bc3d3,8234,,1762517100.937834,1762517106.0351882,1762517115.8816752,1762517115.937834,15.0,5.097354173660278,9.846487045288086,1,,203
2025-11-07T12:05:10.900117+00:00,47,RecallModel,15.0,normal,0x83a1ed9c3a06221f506c55e1bc6a20ea5c687ffd224439411f3df030d127b58f,8235,,1762517106.0506077,1762517110.895523,1762517115.8816752,1762517116.0506077,10.0,4.844915390014648,4.986152172088623,1,,203
2025-11-07T12:05:15.991513+00:00,48,RecallModel,15.0,normal,0xb79c72a6259e491350b635c4a9942319098ef67c4cdd28e05dd022f0be77b4db,8236,,1762517110.900217,1762517115.986683,1762517130.8816752,1762517130.900217,20.0,5.086465835571289,14.894992351531982,1,,203
2025-11-07T12:05:21.081497+00:00,49,RecallModel,15.0,normal,0x71e5079d8608ca357878a228fd085cff41827b03717236eacc63e451096a0883,8237,,1762517115.9916058,1762517121.076628,1762517130.8816752,1762517130.9916058,15.0,5.085022211074829,9.805047273635864,1,,203
2025-11-07T12:05:25.928851+00:00,50,RecallModel,15.0,normal,0xfed6f46d6200d8de872fa94e79f3dec837a20189b8a5380ee2e2ed683ffcddc2,8238,,1762517121.0816958,1762517125.9242177,1762517130.8816752,1762517131.0816958,10.0,4.842521905899048,4.957457542419434,1,,203
2025-11-07T12:05:31.030272+00:00,1,RecallModel,15.0,impaired,0xdf95a63bf22f81ce79bde556b5b2aac1de606eb4fa1cdec595e3803c10a6b195,8239,,1762517125.9289718,1762517131.0203044,1762517140.928901,1762517140.9289718,15.0,5.091332674026489,9.908596515655518,1,,203
2025-11-07T12:05:35.888680+00:00,2,RecallModel,15.0,impaired,0xba8976a1b38adbbec139b97793fdd8df24ab3936130e17e58dec80a4ec01c197,8240,,1762517131.030572,1762517135.8850565,1762517140.928901,1762517141.030572,10.0,4.854484558105469,5.04384446144104,1,,203
2025-11-07T12:05:40.986821+00:00,3,RecallModel,15.0,impaired,0xab059a976ffe97fc081c290ff838ef481bd8dda878335e17d9d36b5559342211,8241,,1762517135.888794,1762517140.982402,1762517155.928901,1762517156.388794,20.5,5.093608140945435,14.94649887084961,1,,203
2025-11-07T12:05:46.084520+00:00,4,RecallModel,15.0,impaired,0x5bc61bd9b06afab60de22045ed3a01185ae1c9ac1da6ba9ae2735fd7874f295e,8242,,1762517140.9869156,1762517146.078629,1762517155.928901,1762517155.9869156,15.0,5.0917134284973145,9.850271940231323,1,,203
2025-11-07T12:05:50.918158+00:00,5,RecallModel,15.0,impaired,0xfde1823e98e19800c26ca452c4db24e09dd525334219d9a247868e013ff28dfc,8243,,1762517146.0846589,1762517150.9139953,1762517155.928901,1762517156.0846589,10.0,4.829336404800415,5.014905691146851,1,,203
2025-11-07T12:05:56.017827+00:00,6,RecallModel,15.0,impaired,0x46baccf7948bbc632d2bfcae62c3a65469c831f4e69c05566b7a2b472f2a91be,8244,,1762517150.918252,1762517156.0090423,1762517170.928901,1762517171.418252,20.5,5.090790271759033,14.919858694076538,1,,203
2025-11-07T12:06:01.126553+00:00,7,RecallModel,15.0,impaired,0xffe433c9f6e6f7a8d586330d6d7762c0e6684dcf98984432bbcbe263196a35d9,8245,,1762517156.018022,1762517161.120902,1762517170.928901,1762517171.018022,15.0,5.102880001068115,9.807998895645142,1,,203
2025-11-07T12:06:05.967391+00:00,8,RecallModel,15.0,impaired,0x4649cf75d69f50bbd9d9edab1e727a420bf8cab84ea451aa446c55a699fbaffb,8246,,1762517161.1266909,1762517165.962807,1762517170.928901,1762517171.1266909,10.0,4.836116075515747,4.966094017028809,1,,203
2025-11-07T12:06:11.066295+00:00,9,RecallModel,15.0,impaired,0x19c5eb192805ece5c5a398e1f26b1e7f769e9ec3698136c47b994490d6915935,8247,,1762517165.9674914,1762517171.0572224,1762517185.928901,1762517185.9674914,20.0,5.089730978012085,14.871678590774536,1,,203
2025-11-07T12:06:15.907672+00:00,10,RecallModel,15.0,impaired,0xb38bff91c3d05338d72e19e75b26ad4d26c2c73cb09f596f9abcd1dc4099e0f5,8248,,1762517171.0664363,1762517175.9030983,1762517185.928901,1762517186.0664363,15.0,4.83666205406189,10.025802612304688,1,,203
2025-11-07T12:06:20.999788+00:00,11,RecallModel,15.0,impaired,0x298dd6f44fe257b7db268e0c1f9fa8101f2dd007fe8d99b7c64ebc949da02da4,8249,,1762517175.9077861,1762517180.995095,1762517185.928901,1762517186.4077861,10.5,5.087308883666992,4.9338059425354,1,,203
2025-11-07T12:06:26.097648+00:00,12,RecallModel,15.0,impaired,0xfeda77511d1a8ed3d410384a63f815fdb288c47b61cb27d9e05d839c7c23280d,8250,,1762517180.9998777,1762517186.0938916,1762517200.928901,1762517200.9998777,20.0,5.094013929367065,14.835009336471558,1,,203
2025-11-07T12:06:30.937760+00:00,13,RecallModel,15.0,impaired,0x7b493143798f12db686246eea1079d5da279d4f0d0f45f109d835813775233d4,8251,,1762517186.097747,1762517190.9291992,1762517200.928901,1762517201.097747,15.0,4.831452131271362,9.999701738357544,1,,203
2025-11-07T12:06:36.021979+00:00,14,RecallModel,15.0,impaired,0x41fc28fb42e0a78da423eacf93b1b64bcc6f936fe1914cbb7e7cda244c415870,8252,,1762517190.9378674,1762517196.013891,1762517200.928901,1762517200.9378674,10.0,5.076023578643799,4.91500997543335,1,,203
2025-11-07T12:06:40.881293+00:00,15,RecallModel,15.0,impaired,0x00d7517a7cfb15293948e1d04616d5052af8255d1f02f98f748f9c362b72b5e6,8253,,1762517196.0221817,1762517200.8762617,1762517200.928901,1762517201.0221817,5.0,4.854079961776733,0.05263924598693848,1,,203
2025-11-07T12:06:45.975682+00:00,16,RecallModel,15.0,impaired,0x00c7603112fdf54de8f8b82514d13db76f480817e0683271eecab6ea3c461953,8254,,1762517200.8814344,1762517205.970576,1762517215.928901,1762517216.3814344,15.5,5.089141607284546,9.958324909210205,1,,203
2025-11-07T12:06:51.078104+00:00,17,RecallModel,15.0,impaired,0x5b039958b01b5a94123b3f811d605c0431e39a9c57bfeb455021def640749dd5,8255,,1762517205.9757907,1762517211.070832,1762517215.928901,1762517215.9757907,10.0,5.095041275024414,4.858068943023682,1,,203
2025-11-07T12:06:55.926634+00:00,18,RecallModel,15.0,impaired,0x9e9b7311a8d825059065b2d554a77eaee195a1bcfa08f4fbac3aaf3d5db0b150,8256,,1762517211.0782466,1762517215.9216983,1762517215.928901,1762517216.0782466,5.0,4.843451738357544,0.007202625274658203,1,,203
2025-11-07T12:07:01.036205+00:00,19,RecallModel,15.0,impaired,0x6cb73c6b3e4398d4eca0a5fafce419ceb2d200e04b6b7177707f791491a3193a,8257,,1762517215.9267344,1762517221.0222342,1762517230.928901,1762517231.4267344,15.5,5.095499753952026,9.90666675567627,1,,203
2025-11-07T12:07:05.899893+00:00,20,RecallModel,15.0,impaired,0x41434ed6d6673626baf4945c7fd5e3b77aa8b14236c8ddec833122cb835c9c83,8258,,1762517221.0365298,1762517225.895548,1762517230.928901,1762517231.0365298,10.0,4.859018325805664,5.033352851867676,1,,203
2025-11-07T12:07:10.993162+00:00,21,RecallModel,15.0,impaired,0xac7faeee1a1a68dc862c5ace87fdc6c836a085820a7ee5d8e2f6a822d6a1ef18,8259,,1762517225.9000118,1762517230.9871688,1762517245.928901,1762517246.4000118,20.5,5.0871570110321045,14.941732168197632,1,,203
2025-11-07T12:07:16.092482+00:00,22,RecallModel,15.0,impaired,0x5a6c5b542ee70657ab88797866ae3802cea01ae6de9b6700a5d353c3a563cef5,8260,,1762517230.993333,1762517236.0835457,1762517245.928901,1762517245.993333,15.0,5.09021258354187,9.84535527229309,1,,203
2025-11-07T12:07:20.941080+00:00,23,RecallModel,15.0,impaired,0xc5b715b28ed0b517e1d0d9ec2471f2e1ad47f673b83bdb53aa0eb3cca8dc0a37,8261,,1762517236.0927255,1762517240.936322,1762517245.928901,1762517246.0927255,10.0,4.843596458435059,4.992578983306885,1,,203
2025-11-07T12:07:26.034195+00:00,24,RecallModel,15.0,impaired,0x27aff9c01c871627f0cc4c8ac1f55b764008c3b20fc39cf4a21a948e100d6a0c,8262,,1762517240.9411852,1762517246.0233366,1762517260.928901,1762517260.9411852,20.0,5.082151412963867,14.905564308166504,1,,203
2025-11-07T12:07:30.885301+00:00,25,RecallModel,15.0,impaired,0x952010d28631d79c6ff94450235412b41e585e7161bb9c85d133c3c8fb83f315,8263,,1762517246.0345309,1762517250.8800595,1762517260.928901,1762517261.0345309,15.0,4.845528602600098,10.04884147644043,1,,203
2025-11-07T12:07:35.984636+00:00,26,RecallModel,15.0,impaired,0x3596113cbc03fa3760b7f68160007d517f0e630e417bb590c216730dbf3f525b,8264,,1762517250.8854284,1762517255.9747374,1762517260.928901,1762517261.3854284,10.5,5.089308977127075,4.954163551330566,1,,203
2025-11-07T12:07:41.098774+00:00,27,RecallModel,15.0,impaired,0x51794d90b22a23120165923fffc930236ab59b1fe1874f0ebecf439a9f0a93c1,8265,,1762517255.984901,1762517261.0835261,1762517275.928901,1762517275.984901,20.0,5.098625183105469,14.845374822616577,1,,203
2025-11-07T12:07:45.919560+00:00,28,RecallModel,15.0,impaired,0xb92b02bb84fecdb076914195c90dcacc82424ab663a7ad0c46fcd459de290269,8266,,1762517261.0990064,1762517265.9174316,1762517275.928901,1762517276.0990064,15.0,4.818425178527832,10.01146936416626,1,,203
2025-11-07T12:07:50.952625+00:00,29,RecallModel,15.0,impaired,0x8900f9da56552a519d35cbe45455253208100354062cee6f1cad79dc4612d012,8267,,1762517265.9196231,1762517270.950925,1762517275.928901,1762517276.4196231,10.5,5.031301975250244,4.977975845336914,1,,203
2025-11-07T12:07:55.988265+00:00,30,RecallModel,15.0,impaired,0x3b59b5d2ce16e7d4dda8db381f4479a2ca2cdb272251e42194f56f64ab25a968,8268,,1762517270.9526694,1762517275.9860735,1762517290.928901,1762517290.9526694,20.0,5.033404111862183,14.942827463150024,1,,203
2025-11-07T12:08:01.024764+00:00,31,RecallModel,15.0,impaired,0x2862be590109783469049d2c74f53848bc53b39cb8f252f4e9946980b6344eb5,8269,,1762517275.988316,1762517281.02268,1762517290.928901,1762517290.988316,15.0,5.0343639850616455,9.90622091293335,1,,203
2025-11-07T12:08:06.058740+00:00,32,RecallModel,15.0,impaired,0x59b1e72be03764810eedd3f60bbb9aa702b24434e226b57b93c85cb105ea03a2,8270,,1762517281.0248308,1762517286.0572681,1762517290.928901,1762517291.0248308,10.0,5.032437324523926,4.871632814407349,1,,203
2025-11-07T12:08:11.101699+00:00,33,RecallModel,15.0,impaired,0xf6c016834a121af6bdc6b3af442dc9f67ffb810e9fabe5f97a581afccfaf824d,8271,,1762517286.0587862,1762517291.096443,1762517305.928901,1762517306.0587862,20.0,5.037656784057617,14.832458019256592,1,,203
2025-11-07T12:08:15.948516+00:00,34,RecallModel,15.0,impaired,0xc904a08fe0e23321da7baea1a1f3ad59acfad1f54b981b3136e6eaa72345f184,8272,,1762517291.1018426,1762517295.9432778,1762517305.928901,1762517306.1018426,15.0,4.841435194015503,9.985623121261597,1,,203
2025-11-07T12:08:21.051899+00:00,35,RecallModel,15.0,impaired,0x8b3aa17d64730d70481404618f24c73684c3effc47bb6aa5b6d9f710eef61cae,8273,,1762517295.9486308,1762517301.038205,1762517305.928901,1762517305.9486308,10.0,5.089574098587036,4.890696048736572,1,,203
2025-11-07T12:08:25.898711+00:00,36,RecallModel,15.0,impaired,0xe812fbafef83eac464ae1e3c801ff4feb3a3bb720806291f6f836a193721852f,8274,,1762517301.052219,1762517305.8941636,1762517305.928901,1762517306.052219,5.0,4.841944694519043,0.034737348556518555,1,,203
2025-11-07T12:08:30.967458+00:00,37,RecallModel,15.0,impaired,0x32d74f1a43807316f140975e40eb274ac5bfe3c2298af19df2fc9583e487a623,8275,,1762517305.898812,1762517310.962143,1762517320.928901,1762517321.398812,15.5,5.063330888748169,9.966758012771606,1,,203
2025-11-07T12:08:36.064446+00:00,38,RecallModel,15.0,impaired,0xc25d5dfce1229a4879c5f542d6d253602194577a99a940fa77d5bd0cd8307de8,8276,,1762517310.9675472,1762517316.0556183,1762517320.928901,1762517320.9675472,10.0,5.08807110786438,4.8732826709747314,1,,203
2025-11-07T12:08:40.903844+00:00,39,RecallModel,15.0,impaired,0x0848c2c6e96bf24df88deb0e6037dc31533c145c6fa52d34bd4d5e7868e4f320,8277,,1762517316.0645993,1762517320.89769,1762517320.928901,1762517321.0645993,5.0,4.833090782165527,0.031210899353027344,1,,203
2025-11-07T12:08:46.002874+00:00,40,RecallModel,15.0,impaired,0x06c52c74ada91a92e8c8e9321ce14583a8c28dbed159a1666317b66625f02e88,8278,,1762517320.9039705,1762517325.994899,1762517335.928901,1762517336.4039705,15.5,5.090928554534912,9.934001922607422,1,,203
2025-11-07T12:08:51.090633+00:00,41,RecallModel,15.0,impaired,0x5428547bc06b69dc209ab0e3113a84b64b15bf38b892c1908f41c8679d543f41,8279,,1762517326.0030265,1762517331.0859046,1762517335.928901,1762517336.0030265,10.0,5.082878112792969,4.84299635887146,1,,203
2025-11-07T12:08:55.934130+00:00,42,RecallModel,15.0,impaired,0x98b025030e39c783298ebb0f3300872f518720f12bab9562239ebc3df9680bf0,8280,,1762517331.0907378,1762517335.9292428,1762517350.928901,1762517351.0907378,20.0,4.838505029678345,14.999658107757568,1,,203
2025-11-07T12:09:01.016995+00:00,43,RecallModel,15.0,impaired,0x59694a0bac1b61325c4a644bef8effd5701e3496bd04390af5bcb814a4987c5a,8281,,1762517335.9342322,1762517341.0061574,1762517350.928901,1762517350.9342322,15.0,5.071925163269043,9.922743558883667,1,,203
2025-11-07T12:09:06.126919+00:00,44,RecallModel,15.0,impaired,0x75426002497d798be41ea1296060766d35fff96d683a28bb60dae27c503e1641,8282,,1762517341.0172212,1762517346.1213794,1762517350.928901,1762517351.0172212,10.0,5.104158163070679,4.80752158164978,1,,203
2025-11-07T12:09:10.980053+00:00,45,RecallModel,15.0,impaired,0x787d566674bb4ee8c9ccc03f5fd2ba8c094cfd2504eeee19bfc4de19d4dbc43b,8283,,1762517346.1270351,1762517350.972944,1762517365.928901,1762517366.1270351,20.0,4.845908880233765,14.955956935882568,1,,203
2025-11-07T12:09:16.079288+00:00,46,RecallModel,15.0,impaired,0x26b498baa3252ea0561ce1475a38b5f0e5adfe265787cbf0f0668fa4dfc521c9,8284,,1762517350.9802127,1762517356.072613,1762517365.928901,1762517365.9802127,15.0,5.092400312423706,9.856287956237793,1,,203
2025-11-07T12:09:20.919523+00:00,47,RecallModel,15.0,impaired,0x70757a4c68c8caedca708d1088ef97a0530be76ba323d82561e2a5138b5ed205,8285,,1762517356.079431,1762517360.9137144,1762517365.928901,1762517366.079431,10.0,4.834283351898193,5.015186548233032,1,,203
2025-11-07T12:09:26.024587+00:00,48,RecallModel,15.0,impaired,0xfdec70ca4c767ec3c98b29ffc424706c91429acf2a366c0702860d90d82448d0,8286,,1762517360.9196668,1762517366.0138812,1762517380.928901,1762517381.4196668,20.5,5.09421443939209,14.915019750595093,1,,203
2025-11-07T12:09:30.887605+00:00,49,RecallModel,15.0,impaired,0xa81dae892c72f8e61c3de23ecb2c9635b9f100a9bd289f056a8541ad8a2480eb,8287,,1762517366.0248237,1762517370.883197,1762517380.928901,1762517381.0248237,15.0,4.858373403549194,10.045703887939453,1,,203
2025-11-07T12:09:35.980455+00:00,50,RecallModel,15.0,impaired,0x2e64fe414513f1234bb47bafa6770dbc0569ad1aacaf6056ff17340fa2fb8961,8288,,1762517370.8877082,1762517375.9750323,1762517380.928901,1762517381.3877082,10.5,5.087324142456055,4.953868627548218,1,,203
2025-11-07T12:09:41.076607+00:00,1,RecallModel,60.0,normal,0x42260cedf460c970c65d2403e62eb6958fc1ff80e7a4db1013a77d21e93a181c,8289,,1762517375.9806132,1762517381.0707319,1762517435.9805148,1762517435.9806132,60.0,5.090118646621704,54.90978288650513,1,,203
2025-11-07T12:09:45.920366+00:00,2,RecallModel,60.0,normal,0x5cfcbf309fd04e1e5f75054073a67a0ab273e4d51696c28135b5e7ba70ddfc2d,8290,,1762517381.0767498,1762517385.913638,1762517435.9805148,1762517436.0767498,55.0,4.836888313293457,50.06687664985657,1,,203
2025-11-07T12:09:51.021135+00:00,3,RecallModel,60.0,normal,0xb96a49fadc6fcc50219c3e2f45a091298c14429f66526f8d6e8f0ce01fe3e2fb,8291,,1762517385.9205565,1762517391.011133,1762517435.9805148,1762517436.4205565,50.5,5.090576410293579,44.96938180923462,1,,203
2025-11-07T12:09:56.143077+00:00,4,RecallModel,60.0,normal,0x9bf55ef9914341f047146846add2ed15a472100530411895c25f223b915a4db4,8292,,1762517391.0213716,1762517396.1315527,1762517435.9805148,1762517436.0213716,45.0,5.110181093215942,39.84896206855774,1,,203
2025-11-07T12:10:00.990523+00:00,5,RecallModel,60.0,normal,0x779b7889f9eeae0bdf93d1811b7d8f6ee95f7e355783f3e514b4aac6f5012c1c,8293,,1762517396.1432881,1762517400.9858456,1762517435.9805148,1762517436.1432881,40.0,4.842557430267334,34.99466919898987,1,,203
2025-11-07T12:10:06.078276+00:00,6,RecallModel,60.0,normal,0x016ca6fb4a960caa7965caa8bf324bde670ad38fa3e29269a9c7df44e466fe02,8294,,1762517400.990624,1762517406.0713418,1762517435.9805148,1762517435.990624,35.0,5.0807178020477295,29.909173011779785,1,,203
2025-11-07T12:10:10.937338+00:00,7,RecallModel,60.0,normal,0x6a60da218a609b33ba1418e82bae4b2f20fdf41078c32dc6d428fb510244329a,8295,,1762517406.0784247,1762517410.9255474,1762517435.9805148,1762517436.0784247,30.0,4.847122669219971,25.054967403411865,1,,203
2025-11-07T12:10:16.055248+00:00,8,RecallModel,60.0,normal,0xdcd7fa7dd1db9864e739512cca30fa412ba3a21572c7e9a322e9e7d0f015818a,8296,,1762517410.9382405,1762517416.037387,1762517435.9805148,1762517436.4382405,25.5,5.099146366119385,19.943127870559692,1,,203
2025-11-07T12:10:20.906703+00:00,9,RecallModel,60.0,normal,0x3ce679b309dceeeef006e108e8c7bd8ca54bb7f18312a7bf9a4b1c3af5c7ef4f,8297,,1762517416.0554454,1762517420.9014294,1762517435.9805148,1762517436.0554454,20.0,4.845983982086182,15.079085350036621,1,,203
2025-11-07T12:10:25.996613+00:00,10,RecallModel,60.0,normal,0xf76f6bb1194ff21d327309a7a2de5e6a4a1c65d1389fec399147f11467df2c16,8298,,1762517420.906822,1762517425.9881973,1762517435.9805148,1762517436.406822,15.5,5.081375360488892,9.99231743812561,1,,203
2025-11-07T12:10:31.083736+00:00,11,RecallModel,60.0,normal,0x79f4ca6e6c727d6141d1682c0bcae70683f6f368a2a976002f04399d51b67cda,8299,,1762517425.9968698,1762517431.081288,1762517435.9805148,1762517435.9968698,10.0,5.084418296813965,4.899226665496826,1,,203
2025-11-07T12:10:35.895122+00:00,12,RecallModel,60.0,normal,0x918b57741140fcba84f45a1e73fe70385dac0fa7e69c0ef7251e0345cfcd5648,8300,,1762517431.0838008,1762517435.8888798,1762517435.9805148,1762517436.0838008,5.0,4.805078983306885,0.09163498878479004,1,,203
2025-11-07T12:10:40.962752+00:00,13,RecallModel,60.0,normal,0x02b290cb4ae8353d2b93738133f6d09b42805ab358e6d71a9a65ef0b19d4d1a1,8301,,1762517435.8952658,1762517440.957092,1762517495.9805148,1762517496.3952658,60.5,5.061826229095459,55.023422718048096,1,,203
2025-11-07T12:10:46.024481+00:00,14,RecallModel,60.0,normal,0x884f5bb1dcd18e607861f9f8c6df872bd3745936b01160206c518bfefb420a18,8302,,1762517440.9629347,1762517446.0205445,1762517495.9805148,1762517496.4629347,55.5,5.057609796524048,49.959970235824585,1,,203
2025-11-07T12:10:51.085779+00:00,15,RecallModel,60.0,normal,0x702567ce3df5802848599ba04691622b1497091e02ce6977ea6def5d79985e9f,8303,,1762517446.024542,1762517451.0803638,1762517495.9805148,1762517496.024542,50.0,5.055821657180786,44.900151014328,1,,203
2025-11-07T12:10:55.889635+00:00,16,RecallModel,60.0,normal,0xd52dfcc3bf2fd5706198b89f66b618faa7469e5530e368a62e3158b0788918a0,8304,,1762517451.0858727,1762517455.887462,1762517495.9805148,1762517496.0858727,45.0,4.801589250564575,40.09305286407471,1,,203
2025-11-07T12:11:00.944640+00:00,17,RecallModel,60.0,normal,0x1c80fb8a985639762d6ce3d235088e61ed5fd19c966994ad1d43ba7d74ebe7bc,8305,,1762517455.8896976,1762517460.942314,1762517495.9805148,1762517496.3896976,40.5,5.052616357803345,35.03820085525513,1,,203
2025-11-07T12:11:06.014040+00:00,18,RecallModel,60.0,normal,0x49b60979b412bf4251297f7258081b669714d305c13e4595835d5fb6033d4aa5,8306,,1762517460.9447029,1762517466.0071483,1762517495.9805148,1762517496.4447029,35.5,5.062445402145386,29.973366498947144,1,,203
2025-11-07T12:11:11.105866+00:00,19,RecallModel,60.0,normal,0xf4b5a392dc4105d03935e75997c59504c6d51d2891e49709d8744bb25a4fbb2b,8307,,1762517466.0142374,1762517471.0978212,1762517495.9805148,1762517496.0142374,30.0,5.083583831787109,24.88269352912903,1,,203
2025-11-07T12:11:15.942267+00:00,20,RecallModel,60.0,normal,0xe777a3b6f46dbaada03850211a6e0550d45208933d37b2219346000ff2d34635,8308,,1762517471.1060505,1762517475.9351938,1762517495.9805148,1762517496.1060505,25.0,4.829143285751343,20.045320987701416,1,,203
2025-11-07T12:11:21.052337+00:00,21,RecallModel,60.0,normal,0x537ade65b10b2016b9ec1ddeed7173947f34e76fe167c44f163a413f9324ba50,8309,,1762517475.9424832,1762517481.0331676,1762517495.9805148,1762517496.4424832,20.5,5.090684413909912,14.947347164154053,1,,203
2025-11-07T12:11:25.904607+00:00,22,RecallModel,60.0,normal,0x3b9d0b52db903acb9ca05d495b419135f15118134f3421302227adf1a91ccdf4,8310,,1762517481.0525794,1762517485.899903,1762517495.9805148,1762517496.0525794,15.0,4.847323656082153,10.08061170578003,1,,203
2025-11-07T12:11:30.996106+00:00,23,RecallModel,60.0,normal,0x4605f17a125f46b2756a73233a3f2d9e4187fb3b23d94f55ac4775d8ad129868,8311,,1762517485.9047134,1762517490.9942908,1762517495.9805148,1762517496.4047134,10.5,5.0895774364471436,4.986223936080933,1,,203
2025-11-07T12:11:36.084546+00:00,24,RecallModel,60.0,normal,0x42fddf35bd6103a33d574e2c605b08327169dccc37812c090b2d9da30fc3a23b,8312,,1762517490.996172,1762517496.0785494,1762517555.9805148,1762517555.996172,65.0,5.0823774337768555,59.901965379714966,1,,203
2025-11-07T12:11:40.929048+00:00,25,RecallModel,60.0,normal,0x3b8a5f89ae580ed648ef60c3db654e93b07bf9af1e6760d013e8de0b06860f63,8313,,1762517496.0846689,1762517500.9239895,1762517555.9805148,1762517556.0846689,60.0,4.839320659637451,55.056525230407715,1,,203
2025-11-07T12:11:46.036643+00:00,26,RecallModel,60.0,normal,0x8dc1e00ba6542325f8f408edb7790549579b1367756260ff6bf003e8a15589f9,8314,,1762517500.9291599,1762517506.015764,1762517555.9805148,1762517556.4291599,55.5,5.086604118347168,49.96475076675415,1,,203
2025-11-07T12:11:50.883551+00:00,27,RecallModel,60.0,normal,0x2b295dce2bd3eef11ce927c9382edfbf91f161bebf5f97bf867c9424a7de98b6,8315,,1762517506.036909,1762517510.878363,1762517555.9805148,1762517556.036909,50.0,4.841453790664673,45.10215187072754,1,,203
2025-11-07T12:11:55.978071+00:00,28,RecallModel,60.0,normal,0x38efab87af810dd3a4580000be9f4f30ebd4f76b023ba2a5dbeddc8202a730cf,8316,,1762517510.8837435,1762517515.9708693,1762517555.9805148,1762517556.3837435,45.5,5.087125778198242,40.00964546203613,1,,203
2025-11-07T12:12:01.077645+00:00,29,RecallModel,60.0,normal,0x1ed1ebc436bddfe619b7ab43f32958d71d8bb48a151134e91af45d6ad1b47ae1,8317,,1762517515.9781806,1762517521.0716753,1762517555.9805148,1762517556.4781806,40.5,5.093494653701782,34.90883946418762,1,,203
2025-11-07T12:12:05.929984+00:00,30,RecallModel,60.0,normal,0x0866d794c7ec12545aefff1c8f1abbc9df88d88fba8c91306e43c06be2873cf9,8318,,1762517521.077806,1762517525.924775,1762517555.9805148,1762517556.077806,35.0,4.84696888923645,30.055739879608154,1,,203
2025-11-07T12:12:11.037047+00:00,31,RecallModel,60.0,normal,0x00dd9448fc09b32ba5702626cbb64becee3a2c22da20c091a74dd3190c1a9596,8319,,1762517525.9300997,1762517531.0252454,1762517555.9805148,1762517556.4300997,30.5,5.0951457023620605,24.95526933670044,1,,203
2025-11-07T12:12:15.887814+00:00,32,RecallModel,60.0,normal,0x4d22f029c35cb4d86a85abb8e703a718332f0c2497861c655e20ec49133979df,8320,,1762517531.037317,1762517535.8832822,1762517555.9805148,1762517556.037317,25.0,4.845965147018433,20.097232580184937,1,,203
2025-11-07T12:12:20.984211+00:00,33,RecallModel,60.0,normal,0xb9912f3cb5373451efc6b39cf2d045c386c7cc4d6e8109784c9a36be4f3f9015,8321,,1762517535.8879306,1762517540.9776573,1762517555.9805148,1762517556.3879306,20.5,5.089726686477661,15.002857446670532,1,,203
2025-11-07T12:12:26.073896+00:00,34,RecallModel,60.0,normal,0x5595296332afa837f103bd4ef0be5339fec41d92e26274a35834e9c4815ca90a,8322,,1762517540.9844174,1762517546.0692484,1762517555.9805148,1762517555.9844174,15.0,5.08483099937439,9.911266326904297,1,,203
2025-11-07T12:12:30.928947+00:00,35,RecallModel,60.0,normal,0x44a0707e13d3a4641ed677ba1baf8ea46defb776d4a9b9bd62ec1fcf08dadbb7,8323,,1762517546.0740159,1762517550.9218874,1762517555.9805148,1762517556.0740159,10.0,4.847871541976929,5.058627367019653,1,,203
2025-11-07T12:12:36.047809+00:00,36,RecallModel,60.0,normal,0xa834ada47e3028f1f5d2dad019944b75887c5602e458e7c1c7b961d0989b8433,8324,,1762517550.9290664,1762517556.0268347,1762517615.9805148,1762517616.4290664,65.5,5.097768306732178,59.95368003845215,1,,203
2025-11-07T12:12:40.914323+00:00,37,RecallModel,60.0,normal,0x932eae1d293418bdcc46a101488da16ccb502ad9976a259396cd9d20ec171ee8,8325,,1762517556.0480828,1762517560.9060755,1762517615.9805148,1762517616.0480828,60.0,4.857992649078369,55.07443928718567,1,,203
2025-11-07T12:12:46.007159+00:00,38,RecallModel,60.0,normal,0x977c8500906965934acd8fbd99d1aa2999115cc55ab94ab4bb455d6fdfaa528e,8326,,1762517560.9144661,1762517566.0015965,1762517615.9805148,1762517616.4144661,55.5,5.087130308151245,49.9789183139801,1,,203
2025-11-07T12:12:51.103610+00:00,39,RecallModel,60.0,normal,0xb8478c3f650dca9a8051e047ea278186f1d391600464bb4abca35e460a607406,8327,,1762517566.007298,1762517571.0980794,1762517615.9805148,1762517616.007298,50.0,5.0907814502716064,44.88243532180786,1,,203
2025-11-07T12:12:55.950599+00:00,40,RecallModel,60.0,normal,0x9c9584db92c848d371b862cfd3e56cdc46df34c06b3745dfd7ff3bf17c623e34,8328,,1762517571.103729,1762517575.9422424,1762517615.9805148,1762517616.103729,45.0,4.838513374328613,40.03827238082886,1,,203
2025-11-07T12:13:01.056705+00:00,41,RecallModel,60.0,normal,0xd04c7c8436a643c83a20713fc901128de3b11b0b8645afe62fe475839acb5a47,8329,,1762517575.9507904,1762517581.039723,1762517615.9805148,1762517616.4507904,40.5,5.088932514190674,34.940791845321655,1,,203
2025-11-07T12:13:05.892990+00:00,42,RecallModel,60.0,normal,0x7b4a3ac6586b86023b2f0cbd26404e06abfcfca732dcc5ca1b51ffd6a8d5e23e,8330,,1762517581.056903,1762517585.8879435,1762517615.9805148,1762517616.056903,35.0,4.831040620803833,30.092571258544922,1,,203
2025-11-07T12:13:10.991762+00:00,43,RecallModel,60.0,normal,0x8196626e425b90ef058a03041f25acd8f668f5682bbf23aac1d89df98bf251fa,8331,,1762517585.8930833,1762517590.9865477,1762517615.9805148,1762517616.3930833,30.5,5.093464374542236,24.993967056274414,1,,203
2025-11-07T12:13:16.089770+00:00,44,RecallModel,60.0,normal,0x0e3347c4561d06487f4452d739edbef955d34e016a74768299712ddfefa1401f,8332,,1762517590.9919174,1762517596.085539,1762517615.9805148,1762517615.9919174,25.0,5.093621730804443,19.894975662231445,1,,203
2025-11-07T12:13:20.934305+00:00,45,RecallModel,60.0,normal,0x6dc66ed08c5585cd7111fbd4bc76a90ed2691cb482369a77893164831ae5065a,8333,,1762517596.0898962,1762517600.929252,1762517615.9805148,1762517616.0898962,20.0,4.839355707168579,15.051262855529785,1,,203
2025-11-07T12:13:26.030910+00:00,46,RecallModel,60.0,normal,0x8855793ed793f6baa0c96a61e9649c2f4cda5b652faf92877298ab6af17df08e,8334,,1762517600.934399,1762517606.0177548,1762517615.9805148,1762517616.434399,15.5,5.083355903625488,9.962759971618652,1,,203
2025-11-07T12:13:30.886069+00:00,47,RecallModel,60.0,normal,0x194585e63c28ed8ffff422a2eb154fbff345bad549f579279bbceec84950dcb4,8335,,1762517606.031228,1762517610.8813841,1762517615.9805148,1762517616.031228,10.0,4.85015606880188,5.099130630493164,1,,203
2025-11-07T12:13:35.986440+00:00,48,RecallModel,60.0,normal,0xa41db820b07f40f25ecc7e7647cec9975031f812961bf2841c7b0d1e597c6b17,8336,,1762517610.886176,1762517615.980847,1762517675.9805148,1762517676.386176,65.5,5.09467077255249,59.99966788291931,1,,203
2025-11-07T12:13:41.079421+00:00,49,RecallModel,60.0,normal,0x3f77adb63532a5cf5402f91511b5530c4fdaa0dd38d27bf87ccf5cded0b1f60d,8337,,1762517615.9865777,1762517621.074916,1762517675.9805148,1762517675.9865777,60.0,5.088338136672974,54.905598878860474,1,,203
2025-11-07T12:13:45.920127+00:00,50,RecallModel,60.0,normal,0x1f68f8b4035d4c78cf5df743d8b14e1bf0bd4b8249ac5cbcf6a902c5e9cd31fa,8338,,1762517621.0795336,1762517625.9152424,1762517675.9805148,1762517676.0795336,55.0,4.835708856582642,50.06527233123779,1,,203
2025-11-07T12:13:51.015852+00:00,1,RecallModel,60.0,impaired,0x803fe5f9de0c19a61b124c2b394f2ac252fe6969e8a25b18c341e8904199cc89,8339,,1762517625.9202514,1762517631.0090225,1762517685.9201753,1762517685.9202514,60.0,5.088771104812622,54.911152839660645,1,,203
2025-11-07T12:13:55.886528+00:00,2,RecallModel,60.0,impaired,0x3cb94b92a0615e9848c2f4c36eccb0642ed5d28b9f3e8abf0f6729bae48acfd7,8340,,1762517631.0160367,1762517635.8814576,1762517685.9201753,1762517686.0160367,55.0,4.865420818328857,50.03871774673462,1,,203
2025-11-07T12:14:00.959287+00:00,3,RecallModel,60.0,impaired,0xb56c78328e5a7b5832258584dca9058335a6d5d4c97b901716a6a8c6236c9361,8341,,1762517635.8866274,1762517640.9548318,1762517685.9201753,1762517686.3866274,50.5,5.068204402923584,44.9653434753418,1,,203
2025-11-07T12:14:06.060931+00:00,4,RecallModel,60.0,impaired,0xe35c8993893be741a8c76c9276046f58227a04455602475cd85e0e880e9e34c0,8342,,1762517640.9593773,1762517646.0548193,1762517685.9201753,1762517685.9593773,45.0,5.095442056655884,39.86535596847534,1,,203
2025-11-07T12:14:10.908969+00:00,5,RecallModel,60.0,impaired,0xfced4a17a270df4d78b4b6e2f8cd011c304f7709842594aa765fd18e757d6cf8,8343,,1762517646.06111,1762517650.9042435,1762517685.9201753,1762517686.06111,40.0,4.843133449554443,35.015931844711304,1,,203
2025-11-07T12:14:16.000147+00:00,6,RecallModel,60.0,impaired,0xfd874a5a6205f963274766b1f3bd0315d762619cc71159c4faac47df3331994d,8344,,1762517650.9090624,1762517655.9950612,1762517685.9201753,1762517686.4090624,35.5,5.085998773574829,29.925114154815674,1,,203
2025-11-07T12:14:21.100683+00:00,7,RecallModel,60.0,impaired,0xd44b1e77c8e3945c7538af9f305d4858d11271783a47e3ec01aab4f8a0264abd,8345,,1762517656.0002668,1762517661.0958202,1762517685.9201753,1762517686.0002668,30.0,5.095553398132324,24.824355125427246,1,,203
2025-11-07T12:14:25.971066+00:00,8,RecallModel,60.0,impaired,0x67ec6803b7c4aa118c5e8c9eccf39914138cbb37e8939aa73415dc277e5c2e12,8346,,1762517661.1007934,1762517665.960858,1762517685.9201753,1762517686.1007934,25.0,4.860064744949341,19.959317207336426,1,,203
2025-11-07T12:14:31.084163+00:00,9,RecallModel,60.0,impaired,0xcf1ea707d1b1dc0532c84ba74cd03fc711c52568193671c1b9a1bfa3ef9c407a,8347,,1762517665.9713285,1762517671.0785108,1762517685.9201753,1762517685.9713285,20.0,5.107182264328003,14.841664552688599,1,,203
2025-11-07T12:14:35.924225+00:00,10,RecallModel,60.0,impaired,0x1c7c8656a68b783c28192e04f36bb4f77915c34865db123eb5368dadad36c111,8348,,1762517671.0843134,1762517675.9195504,1762517685.9201753,1762517686.0843134,15.0,4.8352370262146,10.000624895095825,1,,203
2025-11-07T12:14:41.028858+00:00,11,RecallModel,60.0,impaired,0x18dbbf433dcc9e521922d79cc47aea8d2335cbcd856ba3e3381de1c0f0c99741,8349,,1762517675.9243479,1762517681.0155032,1762517685.9201753,1762517685.9243479,10.0,5.091155290603638,4.904672145843506,1,,203
2025-11-07T12:14:45.888891+00:00,12,RecallModel,60.0,impaired,0x9d36479bbf218509226e0adcb48baeb2072b45d28ecba2853d89e74fc8e15ff3,8350,,1762517681.0292091,1762517685.884512,1762517685.9201753,1762517686.0292091,5.0,4.855302810668945,0.03566336631774902,1,,203
2025-11-07T12:14:50.990177+00:00,13,RecallModel,60.0,impaired,0x3e245a79d06309c4bfed437dc1f9d43f3e743b4c9e983f047a033c4d54b8642a,8351,,1762517685.889032,1762517690.9810517,1762517745.9201753,1762517746.389032,60.5,5.09201979637146,54.93912363052368,1,,203
2025-11-07T12:14:56.086307+00:00,14,RecallModel,60.0,impaired,0x7bbad6a70c7f7f7979d491ba8f669409e8c3fc81c86546ba034d62b00373fa85,8352,,1762517690.9903436,1762517696.082291,1762517745.9201753,1762517745.9903436,55.0,5.091947317123413,49.83788442611694,1,,203
2025-11-07T12:15:00.926830+00:00,15,RecallModel,60.0,impaired,0x02689b9cc0c44682f39ce76a860d3a3e7d8a97387aa0c78bdf06cb94bf833558,8353,,1762517696.0864186,1762517700.9207141,1762517745.9201753,1762517746.0864186,50.0,4.8342955112457275,44.99946117401123,1,,203
2025-11-07T12:15:06.042703+00:00,16,RecallModel,60.0,impaired,0xa60c49579d9b9b38ad2d011f2df68d59a09410a2556026fe17728d6552fc97a0,8354,,1762517700.9269643,1762517706.023529,1762517745.9201753,1762517745.9269643,45.0,5.096564769744873,39.89664626121521,1,,203
2025-11-07T12:15:10.901740+00:00,17,RecallModel,60.0,impaired,0x02e6e20dd552691ad13fb3b0afefccee35091e11217841943447e1c8eb3e7e7b,8355,,1762517706.043039,1762517710.8962243,1762517745.9201753,1762517746.043039,40.0,4.853185176849365,35.023951053619385,1,,203
2025-11-07T12:15:15.986020+00:00,18,RecallModel,60.0,impaired,0xe72e9fd2d8c0c7664d8c5e4a7f9637b3dd5a1982b98c3664b180a7af24d0203c,8356,,1762517710.9018495,1762517715.9812028,1762517745.9201753,1762517746.4018495,35.5,5.079353332519531,29.93897247314453,1,,203
2025-11-07T12:15:21.101137+00:00,19,RecallModel,60.0,impaired,0x5054b9c5cdb6b4fe68bc17a83250e0bc76032fa7dbdbd17d032d73fcefaa59d8,8357,,1762517715.9861393,1762517721.0920196,1762517745.9201753,1762517745.9861393,30.0,5.105880260467529,24.828155755996704,1,,203
2025-11-07T12:15:25.949980+00:00,20,RecallModel,60.0,impaired,0x4189c81111a008ddd2566fa4d9d7971d3a57006d9c64489c13814eee642ed5df,8358,,1762517721.1013358,1762517725.941686,1762517745.9201753,1762517746.1013358,25.0,4.840350151062012,19.9784893989563,1,,203
2025-11-07T12:15:31.065539+00:00,21,RecallModel,60.0,impaired,0x865e815ed3b5df0b5d790ed65d8cda821930cb89f34c0aa5d60822cc2506ba65,8359,,1762517725.9501128,1762517731.0475533,1762517745.9201753,1762517745.9501128,20.0,5.097440481185913,14.872622013092041,1,,203
2025-11-07T12:15:35.921034+00:00,22,RecallModel,60.0,impaired,0x09190a609fb60f4209c62e24eec7a12deed9cc2d4aeef1e96444b6d201ee9cbd,8360,,1762517731.0659053,1762517735.9126287,1762517745.9201753,1762517746.0659053,15.0,4.846723318099976,10.007546663284302,1,,203
2025-11-07T12:15:41.033522+00:00,23,RecallModel,60.0,impaired,0x2dedf80c0f5d16207195a204cd1d854b97a3f16ec078c2855d88b418562d2f0c,8361,,1762517735.9212763,1762517741.0200007,1762517745.9201753,1762517745.9212763,10.0,5.098724365234375,4.900174617767334,1,,203
2025-11-07T12:15:45.900507+00:00,24,RecallModel,60.0,impaired,0x365994327057539e713eca4f64b0a91494aa3c6d319c7f5261968de1961b628f,8362,,1762517741.033843,1762517745.885074,1762517745.9201753,1762517746.033843,5.0,4.85123085975647,0.03510141372680664,1,,203
2025-11-07T12:15:51.009724+00:00,25,RecallModel,60.0,impaired,0x961ddf3dbacbf5380d3f5c409b889fce26ee36c794f2d7c9060bdc0e7fe6fa4a,8363,,1762517745.900859,1762517751.0049307,1762517805.9201753,1762517806.400859,60.5,5.104071617126465,54.915244579315186,1,,203
2025-11-07T12:15:56.093012+00:00,26,RecallModel,60.0,impaired,0xdf2d9270af39b5521bd2e7df0cd26694053f311e08e70fe086f7c1a89881faab,8364,,1762517751.01038,1762517756.0855303,1762517805.9201753,1762517806.01038,55.0,5.07515025138855,49.83464503288269,1,,203
2025-11-07T12:16:00.931404+00:00,27,RecallModel,60.0,impaired,0x43f7f53438269e6d9680afb1c5832e56e964ad9cfac9aad2914b6a68a191a131,8365,,1762517756.0932062,1762517760.924344,1762517805.9201753,1762517806.0932062,50.0,4.8311378955841064,44.99583125114441,1,,203
2025-11-07T12:16:06.060569+00:00,28,RecallModel,60.0,impaired,0xaf93496253773f40124eb131d945bbf352530739f9f1608168b6bc9a7f155bf3,8366,,1762517760.9315882,1762517766.0316038,1762517805.9201753,1762517805.9315882,45.0,5.100015640258789,39.8885715007782,1,,203
2025-11-07T12:16:10.898864+00:00,29,RecallModel,60.0,impaired,0x4da7f397b17aab8d738878b27dc657938b1babe745e0b6193a79467d2445f6cb,8367,,1762517766.0608761,1762517770.8942623,1762517805.9201753,1762517806.0608761,40.0,4.833386182785034,35.02591300010681,1,,203
2025-11-07T12:16:15.969890+00:00,30,RecallModel,60.0,impaired,0x6d4976e6c86a98cbf9c8ae0f80ec22d1e17b456f568eb1c500cabe6abf86a2d3,8368,,1762517770.8989577,1762517775.9681828,1762517805.9201753,1762517806.3989577,35.5,5.069225072860718,29.951992511749268,1,,203
2025-11-07T12:16:21.036957+00:00,31,RecallModel,60.0,impaired,0x6fb80f0d444e6293a7a794eb4564b411d1ec43764112979135686ead94784c97,8369,,1762517775.9699526,1762517781.032309,1762517805.9201753,1762517805.9699526,30.0,5.062356472015381,24.887866258621216,1,,203
2025-11-07T12:16:26.100020+00:00,32,RecallModel,60.0,impaired,0xe30b96c42f3501dd1ec3fb6837e0b201a65348f4e1a4aa80b077771e85627ecc,8370,,1762517781.0370345,1762517786.0982528,1762517805.9201753,1762517806.0370345,25.0,5.06121826171875,19.821922540664673,1,,203
2025-11-07T12:16:30.899966+00:00,33,RecallModel,60.0,impaired,0x49b46f5a161c2cd4313b8aa758117a2454786faf905286762993cb6cc2b072fa,8371,,1762517786.1000643,1762517790.8958144,1762517805.9201753,1762517806.1000643,20.0,4.795750141143799,15.02436089515686,1,,203
2025-11-07T12:16:35.967982+00:00,34,RecallModel,60.0,impaired,0x9fd6d35762aa5b0523717674b34ba1e1825c97f241623f7169ea9cedbdf4fa1c,8372,,1762517790.9000611,1762517795.963608,1762517805.9201753,1762517806.4000611,15.5,5.063546895980835,9.956567287445068,1,,203
2025-11-07T12:16:41.054591+00:00,35,RecallModel,60.0,impaired,0x2dcefbeb9b6a8bb8c4d30c75b072052fb95fb81bcfc85fe4d3f2d7b83f3c137b,8373,,1762517795.9680867,1762517801.0490875,1762517805.9201753,1762517805.9680867,10.0,5.081000804901123,4.8710877895355225,1,,203
2025-11-07T12:16:45.892883+00:00,36,RecallModel,60.0,impaired,0xb38fcfc24ac63b123c9781b6b385e75e1a39923e83f4a17f9117d79bf81cdaa0,8374,,1762517801.054713,1762517805.887835,1762517805.9201753,1762517806.054713,5.0,4.83312201499939,0.032340288162231445,1,,203
2025-11-07T12:16:50.976261+00:00,37,RecallModel,60.0,impaired,0x2406feae0992bbd5b046aad3a05dee4f21a3a1a725732d620e450150133ac53a,8375,,1762517805.8929849,1762517810.9710772,1762517865.9201753,1762517866.3929849,60.5,5.078092336654663,54.949098110198975,1,,203
2025-11-07T12:16:56.067714+00:00,38,RecallModel,60.0,impaired,0x8f71af2ddc0febc0bbbbc1803dc523fdcf7ef30a8d11727afebb73fb76c74867,8376,,1762517810.9763572,1762517816.0624857,1762517865.9201753,1762517865.9763572,55.0,5.08612847328186,49.85768961906433,1,,203
2025-11-07T12:17:00.903782+00:00,39,RecallModel,60.0,impaired,0xbe0819b503540f9fd0d8f442b8269f39dfff4b78012f74c4b4d79ef5d9011c41,8377,,1762517816.0678573,1762517820.8987138,1762517865.9201753,1762517866.0678573,50.0,4.830856561660767,45.021461486816406,1,,203
2025-11-07T12:17:05.995803+00:00,40,RecallModel,60.0,impaired,0xc703fbc99a7448b4ff63e1d144509c512e112f6e0b5e3ab512a4537a2c51c832,8378,,1762517820.903914,1762517825.9905875,1762517865.9201753,1762517866.403914,45.5,5.0866734981536865,39.929587841033936,1,,203
2025-11-07T12:17:11.084336+00:00,41,RecallModel,60.0,impaired,0x67e5a7c8fbb34d0839396e9ca2128085ad16e8c6833cd957855b61940d1c450a,8379,,1762517825.9959033,1762517831.0793579,1762517865.9201753,1762517865.9959033,40.0,5.083454608917236,34.84081745147705,1,,203
2025-11-07T12:17:15.921427+00:00,42,RecallModel,60.0,impaired,0x464bb26d4cd58812e4d333bdaab305ebcab090e632d9e2f8c68102aa2a3e97e2,8380,,1762517831.084452,1762517835.9157414,1762517865.9201753,1762517866.084452,35.0,4.831289529800415,30.00443387031555,1,,203
2025-11-07T12:17:21.018511+00:00,43,RecallModel,60.0,impaired,0x32b2429d343d540babeda69b2ee16e9b78397ac875596af74001fc60e4daec81,8381,,1762517835.9215598,1762517841.010328,1762517865.9201753,1762517865.9215598,30.0,5.088768243789673,24.909847259521484,1,,203
2025-11-07T12:17:26.123497+00:00,44,RecallModel,60.0,impaired,0x53ffc2c673ccc679395eb032acbc2a8550590b46658430b28bc476be44fac5dc,8382,,1762517841.018753,1762517846.1165814,1762517865.9201753,1762517866.018753,25.0,5.097828388214111,19.80359387397766,1,,203
2025-11-07T12:17:30.957393+00:00,45,RecallModel,60.0,impaired,0x13ca85538f8d559fec4aad6a48d9db238ff78d467b2f823f7d87731ca4ac3580,8383,,1762517846.1236525,1762517850.9529746,1762517865.9201753,1762517866.1236525,20.0,4.829322099685669,14.967200756072998,1,,203
2025-11-07T12:17:36.044286+00:00,46,RecallModel,60.0,impaired,0x0983f068bc43ef7c8e673cbc7eaf9f5da5f7a027de0521dce5d520e249781a7f,8384,,1762517850.9574938,1762517856.0376077,1762517865.9201753,1762517865.9574938,15.0,5.080113887786865,9.882567644119263,1,,203
2025-11-07T12:17:40.883458+00:00,47,RecallModel,60.0,impaired,0xf03e157833dd490075e1598a35824c2ae075acc6723a5df684043f7b757230ac,8385,,1762517856.0444632,1762517860.876461,1762517865.9201753,1762517866.0444632,10.0,4.831997871398926,5.043714284896851,1,,203
2025-11-07T12:17:45.968965+00:00,48,RecallModel,60.0,impaired,0x3cd005413f77bbff952d93d7a6739c14bced74a0ffe6157e26ee51414fd2c188,8386,,1762517860.883575,1762517865.9663887,1762517925.9201753,1762517926.383575,65.5,5.082813739776611,59.95378661155701,1,,203
2025-11-07T12:17:51.052583+00:00,49,RecallModel,60.0,impaired,0x3471916a9e32d19ecb1e4df47f2a744619ed6baf421a23c62211d56c81798d9e,8387,,1762517865.9690266,1762517871.0412943,1762517925.9201753,1762517925.9690266,60.0,5.072267770767212,54.878880977630615,1,,203
2025-11-07T12:17:56.132694+00:00,50,RecallModel,60.0,impaired,0xefc386e005d873263e2e856cd49cf3a44a8cbfad3bd478393c27339ca93b619c,8388,,1762517871.0528038,1762517876.123023,1762517925.9201753,1762517926.0528038,55.0,5.070219278335571,49.797152280807495,1,,203
2025-11-07T12:18:00.939031+00:00,1,TransferOwnership,15.0,normal,0xc2da3221849bd09b314279e2ca12f0cc72fdaadcc8cee2caf0abfd193b05b640,8389,,1762517876.1329195,1762517880.937024,1762517891.1327822,1762517891.1329195,15.0,4.804104566574097,10.19575810432434,1,,150
2025-11-07T12:18:06.032099+00:00,2,TransferOwnership,15.0,normal,0x2c5ff1c64f7c2a68536c78fd3f63d0a1984e84b595e5a99f445b547f551ffb39,8390,,1762517880.9390907,1762517886.0203583,1762517891.1327822,1762517891.4390907,10.5,5.081267595291138,5.112423896789551,1,,149
2025-11-07T12:18:10.892575+00:00,3,TransferOwnership,15.0,normal,0x59f32139e36dadec23129742903008b07dad202e90504d4870db4fc0c2f74de9,8391,,1762517886.032442,1762517890.8829882,1762517891.1327822,1762517891.532442,5.5,4.85054612159729,0.24979400634765625,1,,151
2025-11-07T12:18:15.992844+00:00,4,TransferOwnership,15.0,normal,0x0c9f6e1b927c4a8ef446fd5c72ddd49222f77fbb608ccdb6dc0a3615e4a33c62,8392,,1762517890.8927693,1762517895.9884841,1762517906.1327822,1762517906.3927693,15.5,5.095714807510376,10.144298076629639,1,,149
2025-11-07T12:18:21.077178+00:00,5,TransferOwnership,15.0,normal,0xed29a12068e674e27a6ef4f90dd9a43c6ba8f6be5257c96a31ca894089cb391a,8393,,1762517895.9929464,1762517901.0715034,1762517906.1327822,1762517906.4929464,10.5,5.078557014465332,5.061278820037842,1,,149
2025-11-07T12:18:25.899004+00:00,6,TransferOwnership,15.0,normal,0x3a4227198b2fd39f059b5319776dd7f7739f729ca122b8a6a69bf94c5b4887d9,8394,,1762517901.0773084,1762517905.896343,1762517906.1327822,1762517906.5773084,5.5,4.819034576416016,0.23643922805786133,1,,149
2025-11-07T12:18:30.946061+00:00,7,TransferOwnership,15.0,normal,0xc6f2e7a15403185d016f3e0c2119f8ef75fd7c7d28406e16881438e8b402a6e6,8395,,1762517905.8990698,1762517910.9439828,1762517921.1327822,1762517921.3990698,15.5,5.044913053512573,10.188799381256104,1,,150
2025-11-07T12:18:35.996945+00:00,8,TransferOwnership,15.0,normal,0x133f3faff211a76c93e807234834d092571ea095dceb53dc55a0c7f8f1ec367c,8396,,1762517910.9461117,1762517915.994883,1762517921.1327822,1762517921.4461117,10.5,5.048771381378174,5.137899160385132,1,,149
2025-11-07T12:18:41.052788+00:00,9,TransferOwnership,15.0,normal,0xe0dc89f97d75f393f83da32c50d6e09a16a6bff84b7f75c4fa9e60a6adf7af9e,8397,,1762517915.9970045,1762517921.0496705,1762517921.1327822,1762517921.4970045,5.5,5.052665948867798,0.08311176300048828,1,,150
2025-11-07T12:18:46.139238+00:00,10,TransferOwnership,15.0,normal,0xba63027f273bb8fc01a86c2bf57d6625e5794d7d35cb97981e8b9382c7e3a37d,8398,,1762517921.0528507,1762517926.1328974,1762517936.1327822,1762517936.5528507,15.5,5.080046653747559,9.999884843826294,1,,150
2025-11-07T12:18:50.986658+00:00,11,TransferOwnership,15.0,normal,0xeb50f01c25238f340d68f0d3c85ae9e0670ed8316dfd04dd79773546d8572031,8399,,1762517926.1393566,1762517930.9804392,1762517936.1327822,1762517936.1393566,10.0,4.841082572937012,5.152343034744263,1,,149
2025-11-07T12:18:56.099875+00:00,12,TransferOwnership,15.0,normal,0x473c38ede7655d587242d5ac85a84ac0d6caa62b2d14c32ecffed4b521ed0172,8400,,1762517930.9868042,1762517936.0923448,1762517936.1327822,1762517936.4868042,5.5,5.10554051399231,0.04043745994567871,1,,149
2025-11-07T12:19:00.943632+00:00,13,TransferOwnership,15.0,normal,0xb78bb9034459f96eb9511eecb6556913aad7e50e1321596e74f2d5346a0575ed,8401,,1762517936.1000407,1762517940.9373145,1762517951.1327822,1762517951.6000407,15.5,4.837273836135864,10.195467710494995,1,,152
2025-11-07T12:19:06.016254+00:00,14,TransferOwnership,15.0,normal,0x2052a5cb33306ebf2cbc21a4fdd3d16591e0baf73b3102a16bb56f3f1faf01f0,8402,,1762517940.9437468,1762517946.012609,1762517951.1327822,1762517951.4437468,10.5,5.068862199783325,5.120173215866089,1,,149
2025-11-07T12:19:11.061459+00:00,15,TransferOwnership,15.0,normal,0x2e45dd962122c8194b7038adb4263bc244a01c02cd0eee63fdb5775062dea7ee,8403,,1762517946.016326,1762517951.0596015,1762517951.1327822,1762517951.516326,5.5,5.043275594711304,0.0731806755065918,1,,149
2025-11-07T12:19:15.891509+00:00,16,TransferOwnership,15.0,normal,0x0a82f21857ceb9451ffcdbc78705d9f2d8de41d886b9b1ad5d83068fda590d85,8404,,1762517951.0615246,1762517955.8835418,1762517966.1327822,1762517966.5615246,15.5,4.822017192840576,10.249240398406982,1,,149
2025-11-07T12:19:20.978103+00:00,17,TransferOwnership,15.0,normal,0x92cc3868caf3ded7c533eb2e209b53750c7bfa8614baf0dfc99adb3d36977d9b,8405,,1762517955.8916197,1762517960.9731963,1762517966.1327822,1762517966.3916197,10.5,5.081576585769653,5.159585952758789,1,,150
2025-11-07T12:19:26.075068+00:00,18,TransferOwnership,15.0,normal,0x52d00404ca792b0aa3a699f36fe21c67b562f27a37a0ee0506c2418e477fadad,8406,,1762517960.9782174,1762517966.0660245,1762517966.1327822,1762517966.4782174,5.5,5.0878071784973145,0.0667576789855957,1,,149
2025-11-07T12:19:30.923250+00:00,19,TransferOwnership,15.0,normal,0x2a0933b41d241a00deaf1a526c3347178a394aadeca44520f0c4dd012e603156,8407,,1762517966.0752935,1762517970.9174714,1762517981.1327822,1762517981.5752935,15.5,4.842177867889404,10.21531081199646,1,,149
2025-11-07T12:19:36.022632+00:00,20,TransferOwnership,15.0,normal,0x52feb20d8ddcaebe79a1f8e51d4b6bbeb871de05387d8d5a062ec90d4e3c8e7c,8408,,1762517970.9233682,1762517976.013146,1762517981.1327822,1762517981.4233682,10.5,5.089777708053589,5.119636297225952,1,,149
2025-11-07T12:19:40.879896+00:00,21,TransferOwnership,15.0,normal,0xc00c65f2d086e9951db305cd95af78ee1d68ed8b18fb623d8ea06a6edca460ab,8409,,1762517976.0228963,1762517980.875929,1762517981.1327822,1762517981.5228963,5.5,4.853032827377319,0.2568531036376953,1,,151
2025-11-07T12:19:45.976263+00:00,22,TransferOwnership,15.0,normal,0x0e829deb70db8c0ca4b6c8173e9d5c3f3dfa7fdf5c984d9815409ea25c746afa,8410,,1762517980.879996,1762517985.9698386,1762517996.1327822,1762517996.379996,15.5,5.0898425579071045,10.162943601608276,1,,150
2025-11-07T12:19:51.066907+00:00,23,TransferOwnership,15.0,normal,0xc14337f58bf0a1f5d4956acc31bc676bc7b540cd5b64f076e9d0d20726581ed1,8411,,1762517985.976373,1762517991.059554,1762517996.1327822,1762517996.476373,10.5,5.083181142807007,5.073228120803833,1,,148
2025-11-07T12:19:55.909031+00:00,24,TransferOwnership,15.0,normal,0x576d3b325527773f58b8408e102c2b3a361725868cead6f1da2b22dcfc55467b,8412,,1762517991.0670776,1762517995.9039125,1762517996.1327822,1762517996.5670776,5.5,4.836834907531738,0.22886967658996582,1,,149
2025-11-07T12:20:01.003846+00:00,25,TransferOwnership,15.0,normal,0x9ff89f28ca62b436d0ec2f6563b2379aec4cb8f95eb16301f582bb7746e17d3e,8413,,1762517995.9091678,1762518000.9976072,1762518011.1327822,1762518011.4091678,15.5,5.088439464569092,10.135174989700317,1,,148
2025-11-07T12:20:06.114560+00:00,26,TransferOwnership,15.0,normal,0x7d5aed648a67f96794196d61bce52e316d180917aa71a6ce88d0ade81898a01e,8414,,1762518001.003988,1762518006.0989535,1762518011.1327822,1762518011.503988,10.5,5.09496545791626,5.0338287353515625,1,,148
2025-11-07T12:20:10.970147+00:00,27,TransferOwnership,15.0,normal,0x266809c8b2c871ecf36210adbdba1560aa2915ed62b05f8d05e9dcdbeab1490c,8415,,1762518006.1148038,1762518010.9636426,1762518011.1327822,1762518011.6148038,5.5,4.848838806152344,0.16913962364196777,1,,150
2025-11-07T12:20:16.069856+00:00,28,TransferOwnership,15.0,normal,0xcbc9c398618f6d6820273985b7d03df7c08be170575f3e2888f95cfbfd199285,8416,,1762518010.9702902,1762518016.060264,1762518026.1327822,1762518026.4702902,15.5,5.0899739265441895,10.072518110275269,1,,152
2025-11-07T12:20:20.916181+00:00,29,TransferOwnership,15.0,normal,0xcc0e7a6e501bdf9fd2e219235b465467198921b7dd126bf38af04d22fa2d2851,8417,,1762518016.0700724,1762518020.911493,1762518026.1327822,1762518026.5700724,10.5,4.841420650482178,5.221289157867432,1,,150
2025-11-07T12:20:26.008599+00:00,30,TransferOwnership,15.0,normal,0x61e6b0d3dbf3086337c6940c94b5d5bc2032332338551a932be1c7001e2dd207,8418,,1762518020.916287,1762518026.0030873,1762518026.1327822,1762518026.416287,5.5,5.0868003368377686,0.12969493865966797,1,,149
2025-11-07T12:20:31.111057+00:00,31,TransferOwnership,15.0,normal,0x589f5d41862c23aa3d86ec6f8841a33fbe382e71acfc3ce9ce3f7dab5bacb099,8419,,1762518026.0087242,1762518031.1064346,1762518041.1327822,1762518041.5087242,15.5,5.097710371017456,10.026347637176514,1,,152
2025-11-07T12:20:35.952829+00:00,32,TransferOwnership,15.0,normal,0x2df1ca42001d06d160669e4189b13ccc5f144344bee17145ea3b4f6ac1facb46,8420,,1762518031.1111593,1762518035.947822,1762518041.1327822,1762518041.6111593,10.5,4.836662769317627,5.184960126876831,1,,152
2025-11-07T12:20:41.050092+00:00,33,TransferOwnership,15.0,normal,0xd71b5ec17bf16e9a4593a0da949b39a8431b8a75261f90c6693729eec769aa02,8421,,1762518035.9529414,1762518041.043889,1762518041.1327822,1762518041.4529414,5.5,5.09094762802124,0.08889317512512207,1,,150
2025-11-07T12:20:45.896353+00:00,34,TransferOwnership,15.0,normal,0xde34cb5ffa657ff1fea7624342288afca41097a589a37350b965334430cc7b5b,8422,,1762518041.0502348,1762518045.8911135,1762518056.1327822,1762518056.5502348,15.5,4.84087872505188,10.241668701171875,1,,150
2025-11-07T12:20:50.989154+00:00,35,TransferOwnership,15.0,normal,0x73f8d3eadb910c57c96f6a75219328c4c6f1ae65af3981241f4546fc70019f4e,8423,,1762518045.8964708,1762518050.9850504,1762518056.1327822,1762518056.3964708,10.5,5.0885796546936035,5.147731781005859,1,,149
2025-11-07T12:20:56.081393+00:00,36,TransferOwnership,15.0,normal,0xb4a431e8cf6f3b12566b1fd4edf476e46aa99229fa822752f060ef4bae7675b4,8424,,1762518050.9892569,1762518056.0723813,1762518056.1327822,1762518056.4892569,5.5,5.083124399185181,0.060400962829589844,1,,148
2025-11-07T12:21:00.921040+00:00,37,TransferOwnership,15.0,normal,0x2fd4edfceb20b2a5a9c222d2c051151004b6f2d78fe87a30d991009a990f167d,8425,,1762518056.0815356,1762518060.9169884,1762518071.1327822,1762518071.5815356,15.5,4.8354527950286865,10.21579384803772,1,,150
2025-11-07T12:21:06.010369+00:00,38,TransferOwnership,15.0,normal,0x7ef8e5999fb15e0d83b549519e2d98dda8590e6ce33ba2829173f0a603a98e99,8426,,1762518060.92114,1762518066.0050359,1762518071.1327822,1762518071.42114,10.5,5.083895921707153,5.127746343612671,1,,149
2025-11-07T12:21:11.105452+00:00,39,TransferOwnership,15.0,normal,0x8411795c2c18fd4327d713f6dff138b38a2e5cf2cafc8c7be4bb0e6c0a1f8886,8427,,1762518066.0105093,1762518071.0997288,1762518071.1327822,1762518071.5105093,5.5,5.089219570159912,0.03305339813232422,1,,149
2025-11-07T12:21:15.946131+00:00,40,TransferOwnership,15.0,normal,0x6ca7f1a171d3ca8c85cedcd79ceff37d90aaa378e5919b6d2fb383b719ae9488,8428,,1762518071.1056945,1762518075.9422803,1762518086.1327822,1762518086.6056945,15.5,4.836585760116577,10.190501928329468,1,,152
2025-11-07T12:21:21.041568+00:00,41,TransferOwnership,15.0,normal,0x7afc64757dfd85161cddde9b9dc28dc886cc4f9650eb499d4ac4d161f23cb3f6,8429,,1762518075.946225,1762518081.0323193,1762518086.1327822,1762518086.446225,10.5,5.086094379425049,5.100462913513184,1,,148
2025-11-07T12:21:25.880895+00:00,42,TransferOwnership,15.0,normal,0xa4fbfdc66e1666e623106e67d4aa54db3c1460a7466020716452f614705980d7,8430,,1762518081.041772,1762518085.8759403,1762518086.1327822,1762518086.541772,5.5,4.834168434143066,0.25684189796447754,1,,151
2025-11-07T12:21:30.968640+00:00,43,TransferOwnership,15.0,normal,0xfb91b42549bd3baaa63ce9d67e2c76c3317441aa91cdd517da6583147bcac59c,8431,,1762518085.8810232,1762518090.9643605,1762518101.1327822,1762518101.3810232,15.5,5.083337306976318,10.168421745300293,1,,151
2025-11-07T12:21:36.065456+00:00,44,TransferOwnership,15.0,normal,0x57eefe4abddb3c58cf818cfe3faad6b95acb4d1a2ba101c71c1ded81256bbea4,8432,,1762518090.9687295,1762518096.055721,1762518101.1327822,1762518101.4687295,10.5,5.086991548538208,5.077061176300049,1,,148
2025-11-07T12:21:40.897507+00:00,45,TransferOwnership,15.0,normal,0xd42bfedc16f94f8c1a0971680716933caa04cc64572e652d8f502df4bf330a50,8433,,1762518096.06574,1762518100.8929114,1762518101.1327822,1762518101.56574,5.5,4.827171325683594,0.23987078666687012,1,,152
2025-11-07T12:21:45.992847+00:00,46,TransferOwnership,15.0,normal,0xd3ebd4b57660aa443200615df765df040ca3632c958caa5a69d93d0b29adfcd9,8434,,1762518100.897628,1762518105.987335,1762518116.1327822,1762518116.397628,15.5,5.089706897735596,10.145447254180908,1,,149
2025-11-07T12:21:51.079158+00:00,47,TransferOwnership,15.0,normal,0x2e55fcbddbb4170edc7f8f402adb5e76ce8b39af088224b82c1ebab4ef5f4d8c,8435,,1762518105.9929557,1762518111.0750866,1762518116.1327822,1762518116.4929557,10.5,5.0821309089660645,5.057695627212524,1,,149
2025-11-07T12:21:55.918281+00:00,48,TransferOwnership,15.0,normal,0x52c3e823cf64b9b4830bc785efd10dc0aad8d3c70b0d70d1def0478b71d961e7,8436,,1762518111.079263,1762518115.913331,1762518116.1327822,1762518116.579263,5.5,4.834068059921265,0.2194511890411377,1,,150
2025-11-07T12:22:01.009391+00:00,49,TransferOwnership,15.0,normal,0xfdf7424fcfdc0bde88eb7bac7a3ec98ced9bd6c6d332bd8a7e8763a976e2b830,8437,,1762518115.9183843,1762518121.004568,1762518131.1327822,1762518131.4183843,15.5,5.086183786392212,10.128214120864868,1,,148
2025-11-07T12:22:06.100339+00:00,50,TransferOwnership,15.0,normal,0x92f188cd0bacaf97a813633330023181a804229ecae2f3635bcc325272edcc17,8438,,1762518121.0095282,1762518126.096177,1762518131.1327822,1762518131.5095282,10.5,5.086648941040039,5.0366051197052,1,,151
2025-11-07T12:22:10.942101+00:00,1,TransferOwnership,15.0,impaired,0x96844264acb83da5aa396fb33885add35851604cc1fcff9ee65314ba2bcba291,8439,,1762518126.1004477,1762518130.935031,1762518141.1003819,1762518141.1004477,15.0,4.834583282470703,10.165350914001465,1,,149
2025-11-07T12:22:16.042511+00:00,2,TransferOwnership,15.0,impaired,0x159944d039773b12993dd7b443d6331cb8f31d371d9832d2ea4927afd10886e4,8440,,1762518130.942192,1762518136.034241,1762518141.1003819,1762518141.442192,10.5,5.09204888343811,5.06614089012146,1,,148
2025-11-07T12:22:20.886399+00:00,3,TransferOwnership,15.0,impaired,0x29dcec659ac3e694e3b701d1f628400e00f676c24e3633b7291d2c7304b16309,8441,,1762518136.0426774,1762518140.8818429,1762518141.1003819,1762518141.5426774,5.5,4.839165449142456,0.21853899955749512,1,,150
2025-11-07T12:22:25.986548+00:00,4,TransferOwnership,15.0,impaired,0xecbdaec9ed3bbe8b170ede66a82982ce0879a752216f39b436a9fb7f2413d6ca,8442,,1762518140.8865123,1762518145.9810646,1762518156.1003819,1762518156.3865123,15.5,5.094552278518677,10.119317293167114,1,,150
2025-11-07T12:22:31.080276+00:00,5,TransferOwnership,15.0,impaired,0x3409c1a833055adf0fb67ae90d3cd874e467ed3062e8524b5088c4b5ea533b1a,8443,,1762518145.9866543,1762518151.0748494,1762518156.1003819,1762518156.4866543,10.5,5.088195085525513,5.025532484054565,1,,149
2025-11-07T12:22:35.919592+00:00,6,TransferOwnership,15.0,impaired,0xa4f269eac6b716cbd525d77cf003752df306b2a0b91b4a5b83731d74d8bb24d3,8444,,1762518151.0803955,1762518155.9143567,1762518156.1003819,1762518156.5803955,5.5,4.833961248397827,0.18602514266967773,1,,148
2025-11-07T12:22:41.011270+00:00,7,TransferOwnership,15.0,impaired,0x9050cc942f96ca99c7b617fadd076ff0fe425612e5a7bdbcb338318db5f1f791,8445,,1762518155.9197533,1762518161.0061467,1762518171.1003819,1762518171.4197533,15.5,5.086393356323242,10.094235181808472,1,,149
2025-11-07T12:22:46.103757+00:00,8,TransferOwnership,15.0,impaired,0x1fa869ad618e9594d8e5660e216a75ae735961fbb56d815edc2f7dae7c3d4eac,8446,,1762518161.011388,1762518166.0990567,1762518171.1003819,1762518171.511388,10.5,5.0876686573028564,5.0013251304626465,1,,149
2025-11-07T12:22:50.943132+00:00,9,TransferOwnership,15.0,impaired,0x0ee9e25fc2cadcf23cdd6c34c07622374a5f8a56e01fa73aeb6278b874203acc,8447,,1762518166.103884,1762518170.938001,1762518171.1003819,1762518171.103884,5.0,4.8341169357299805,0.16238093376159668,1,,149
2025-11-07T12:22:56.042509+00:00,10,TransferOwnership,15.0,impaired,0xbadcb77b764b58378ec7fed92cd8a68f42b09fdf0e61da0a6d8b76b188c7d20e,8448,,1762518170.9432447,1762518176.0313876,1762518186.1003819,1762518186.4432447,15.5,5.0881428718566895,10.068994283676147,1,,149
2025-11-07T12:23:00.884074+00:00,11,TransferOwnership,15.0,impaired,0x14122df2eff98c76412b25e2a7d1194bac90d3505d587da91590c9e0dfa21662,8449,,1762518176.042712,1762518180.8799605,1762518186.1003819,1762518186.542712,10.5,4.8372485637664795,5.220421314239502,1,,152
2025-11-07T12:23:05.981138+00:00,12,TransferOwnership,15.0,impaired,0x6245aba69d9412366a79e2f1a5bd9fb7e49e080f998c083c8bf4d83367d690a3,8450,,1762518180.8841748,1762518185.976506,1762518186.1003819,1762518186.3841748,5.5,5.092331171035767,0.12387585639953613,1,,150
2025-11-07T12:23:11.076507+00:00,13,TransferOwnership,15.0,impaired,0x66a73a772a0f887b9071db12462347c964e2891a0a0d04dde4ca2327f772cddd,8451,,1762518185.9812272,1762518191.0715477,1762518201.1003819,1762518201.4812272,15.5,5.090320587158203,10.028834104537964,1,,149
2025-11-07T12:23:15.912555+00:00,14,TransferOwnership,15.0,impaired,0x3fe9194466fe8e700e4ee3f7cfe2326e28c8c389d890e104c6e350ec09054c76,8452,,1762518191.0766284,1762518195.9077837,1762518201.1003819,1762518201.5766284,10.5,4.831155300140381,5.192598104476929,1,,150
2025-11-07T12:23:21.012506+00:00,15,TransferOwnership,15.0,impaired,0x5fffca68ea4326f1b0d8c576033b79064862921927f4af4bb7fa484579923c03,8453,,1762518195.9126577,1762518201.004843,1762518201.1003819,1762518201.4126577,5.5,5.0921852588653564,0.09553885459899902,1,,149
2025-11-07T12:23:26.109975+00:00,16,TransferOwnership,15.0,impaired,0x13e17ba6c3adb7ee92e98c1fe290bb7e85b7dc1b641ae09109d2e2133ae8d32d,8454,,1762518201.0127075,1762518206.1050487,1762518216.1003819,1762518216.5127075,15.5,5.092341184616089,9.995333194732666,1,,148
2025-11-07T12:23:30.927888+00:00,17,TransferOwnership,15.0,impaired,0xc8a69822a9cb8620e5b691f5016541e9c7c6edb1ec0063addbe9e02ae0b2efcf,8455,,1762518206.1101017,1762518210.9222543,1762518216.1003819,1762518216.1101017,10.0,4.812152624130249,5.1781275272369385,1,,149
2025-11-07T12:23:36.019704+00:00,18,TransferOwnership,15.0,impaired,0x083dd08d71ffba1ad880e1d05c288c817f66ed8ee7fc9a341c7b116c57d91cda,8456,,1762518210.927987,1762518216.0112963,1762518216.1003819,1762518216.427987,5.5,5.083309173583984,0.08908557891845703,1,,149
2025-11-07T12:23:40.879696+00:00,19,TransferOwnership,15.0,impaired,0x8c4a5a5e19a18f4be24d5664d17eb353e398277cc01feb3c29b6082b4a0e83f6,8457,,1762518216.0199456,1762518220.8749804,1762518231.1003819,1762518231.5199456,15.5,4.855034828186035,10.225401401519775,1,,150
2025-11-07T12:23:45.973113+00:00,20,TransferOwnership,15.0,impaired,0x01d6e610b69785bc82dfa30f4f62f3e3cd487161ac84ad7714b9aa70d1f206f0,8458,,1762518220.8798258,1762518225.9678662,1762518231.1003819,1762518231.3798258,10.5,5.088040351867676,5.1325156688690186,1,,149
2025-11-07T12:23:51.056604+00:00,21,TransferOwnership,15.0,impaired,0x3ddc6b49e48f64ec02301bb836d2939de5e89e67d7a61f7e892cd89b686a59e5,8459,,1762518225.9732144,1762518231.0510297,1762518231.1003819,1762518231.4732144,5.5,5.077815294265747,0.049352169036865234,1,,149
2025-11-07T12:23:55.895423+00:00,22,TransferOwnership,15.0,impaired,0x3bca6296da7cbcee2aced5262ec5e0a01bb3cd450310328c3d93069a476bc966,8460,,1762518231.0567195,1762518235.890405,1762518246.1003819,1762518246.5567195,15.5,4.833685398101807,10.2099769115448,1,,149
2025-11-07T12:24:00.991584+00:00,23,TransferOwnership,15.0,impaired,0x970ae7bc5c826eda0ac38da38ca0268ab1f18d13d289f957822224bd351c644f,8461,,1762518235.8955252,1762518240.9874403,1762518246.1003819,1762518246.3955252,10.5,5.091915130615234,5.11294150352478,1,,150
2025-11-07T12:24:06.075913+00:00,24,TransferOwnership,15.0,impaired,0x3bdb524b5a47a6d1755055a168677934fe99e4eb72e159c7df2792e662456036,8462,,1762518240.9916806,1762518246.0691912,1762518246.1003819,1762518246.4916806,5.5,5.077510595321655,0.03119063377380371,1,,150
2025-11-07T12:24:10.921663+00:00,25,TransferOwnership,15.0,impaired,0xdbb05a32090fbbc8a6a1b20b3c0192e31a3f034f5ca7b3cbbbf8c0b09c89a4bf,8463,,1762518246.0760767,1762518250.9166548,1762518261.1003819,1762518261.5760767,15.5,4.840578079223633,10.183727025985718,1,,150
2025-11-07T12:24:16.007676+00:00,26,TransferOwnership,15.0,impaired,0x08467b867b3565a7e7946f142cdbb6c1c2798b4b7e659c3ead456af198eede91,8464,,1762518250.9217544,1762518256.0028334,1762518261.1003819,1762518261.4217544,10.5,5.081079006195068,5.097548484802246,1,,148
2025-11-07T12:24:21.100692+00:00,27,TransferOwnership,15.0,impaired,0x75578c11db1284434d35d249934eac1248eefe6c564cc566c2fc57d50a251e25,8465,,1762518256.007787,1762518261.0953164,1762518261.1003819,1762518261.507787,5.5,5.087529420852661,0.005065441131591797,1,,149
2025-11-07T12:24:25.939556+00:00,28,TransferOwnership,15.0,impaired,0x14c566f8639d6fa2a86932ea7ec7a1471f3e0031bd60e29d1029158b9490799d,8466,,1762518261.1007874,1762518265.9339736,1762518276.1003819,1762518276.1007874,15.0,4.833186149597168,10.16640830039978,1,,150
2025-11-07T12:24:31.043890+00:00,29,TransferOwnership,15.0,impaired,0x514539e115c0a09b73ff66d48a73076ca5e40e11bbc8beeaee739ccbe453e7ef,8467,,1762518265.9396687,1762518271.0365093,1762518276.1003819,1762518276.4396687,10.5,5.0968406200408936,5.063872575759888,1,,152
2025-11-07T12:24:36.135553+00:00,30,TransferOwnership,15.0,impaired,0x54adf399756fb76b0abe8909e4fed001bc9b748b3cb5a27a5fcc44222ddb7fe1,8468,,1762518271.0440788,1762518276.130471,1762518291.1003819,1762518291.5440788,20.5,5.086392164230347,14.969910860061646,1,,149
2025-11-07T12:24:40.974268+00:00,31,TransferOwnership,15.0,impaired,0xec024d72c180ecc573bada1edba6aa83bd24210bca5f18b6b1fbe3d5a4c5a9e4,8469,,1762518276.135646,1762518280.9694824,1762518291.1003819,1762518291.135646,15.0,4.833836317062378,10.130899429321289,1,,148
2025-11-07T12:24:46.070389+00:00,32,TransferOwnership,15.0,impaired,0xac3021c9f05a440f7d1dd448158a7d6594b95af3d7098fd9008a595862199490,8470,,1762518280.974364,1762518286.0654385,1762518291.1003819,1762518291.474364,10.5,5.091074466705322,5.034943342208862,1,,152
2025-11-07T12:24:50.910031+00:00,33,TransferOwnership,15.0,impaired,0xd5b1967cb7db32d2ea1fc4b6a9c1eb08366da5b79356a4a13f9787988546cb16,8471,,1762518286.0704892,1762518290.9059193,1762518291.1003819,1762518291.5704892,5.5,4.835430145263672,0.19446253776550293,1,,150
2025-11-07T12:24:56.002281+00:00,34,TransferOwnership,15.0,impaired,0x2e166c98c2e6c9de085f3d0e89362a70a6d794405fd2c6b897f6873c71df9b42,8472,,1762518290.9101305,1762518295.9970622,1762518306.1003819,1762518306.4101305,15.5,5.0869317054748535,10.103319644927979,1,,149
2025-11-07T12:25:01.094081+00:00,35,TransferOwnership,15.0,impaired,0x671ffe22c8e13e4f139ff7055eb9a661f5c0498a0b1744cd88b861906de9a8ed,8473,,1762518296.0023758,1762518301.0893192,1762518306.1003819,1762518306.5023758,10.5,5.0869433879852295,5.0110626220703125,1,,152
2025-11-07T12:25:05.926433+00:00,36,TransferOwnership,15.0,impaired,0xddd399e2dd3e356e305cbda80722762f2a059530e9c06aba426785bd30027c62,8474,,1762518301.0942016,1762518305.9218316,1762518306.1003819,1762518306.5942016,5.5,4.827630043029785,0.17855024337768555,1,,148
2025-11-07T12:25:11.023906+00:00,37,TransferOwnership,15.0,impaired,0x850dd40f6365f6e2cc205b2143a9a8288a64fa644ec4525dd46c53391544141d,8475,,1762518305.926536,1762518311.0135796,1762518321.1003819,1762518321.426536,15.5,5.087043523788452,10.086802244186401,1,,150
2025-11-07T12:25:16.124260+00:00,38,TransferOwnership,15.0,impaired,0x69d7167575b20a60fc34314045e0a107f80850cbf57afd301087b388c200c05f,8476,,1762518311.0241685,1762518316.1188402,1762518321.1003819,1762518321.5241685,10.5,5.094671726226807,4.981541633605957,1,,150
2025-11-07T12:25:20.964897+00:00,39,TransferOwnership,15.0,impaired,0xe7c3839905b7f8c13c32f5bcea40677003b1930651d974fcf92da68da586c74f,8477,,1762518316.1244025,1762518320.9595087,1762518321.1003819,1762518321.1244025,5.0,4.835106134414673,0.14087319374084473,1,,148
2025-11-07T12:25:26.054086+00:00,40,TransferOwnership,15.0,impaired,0xa56891e30fdaba4018e267328241c2dde6b520cdb832efff540b79321ba63a4e,8478,,1762518320.965006,1762518326.0496962,1762518336.1003819,1762518336.465006,15.5,5.084690093994141,10.05068564414978,1,,149
2025-11-07T12:25:30.888737+00:00,41,TransferOwnership,15.0,impaired,0xafafcf8510020d939f13d93df9817a6c413324ace04dbf18a31d9b69ff02c445,8479,,1762518326.0541906,1762518330.8840647,1762518336.1003819,1762518336.5541906,10.5,4.829874038696289,5.216317176818848,1,,149
2025-11-07T12:25:35.978847+00:00,42,TransferOwnership,15.0,impaired,0x5bf47993a4681d5e7c4c1b7fbecfa12a12546a8aeaf4f26a6900e5a5042d4b03,8480,,1762518330.888855,1762518335.9742596,1762518336.1003819,1762518336.388855,5.5,5.085404634475708,0.12612223625183105,1,,149
2025-11-07T12:25:41.066675+00:00,43,TransferOwnership,15.0,impaired,0x1aef9b5f1049c36a27a7e6adb4c0e815d4aa68feaf6f4abfec203289ac81744e,8481,,1762518335.9789393,1762518341.0608604,1762518351.1003819,1762518351.4789393,15.5,5.081921100616455,10.03952145576477,1,,148
2025-11-07T12:25:45.904213+00:00,44,TransferOwnership,15.0,impaired,0x04042e530676874daaa74cadddd34261da89fe326845c1d2ecba6a9ac334bc10,8482,,1762518341.0668046,1762518345.8986628,1762518351.1003819,1762518351.5668046,10.5,4.831858158111572,5.201719045639038,1,,150
2025-11-07T12:25:50.999626+00:00,45,TransferOwnership,15.0,impaired,0x59a24cf9f0136e3aaf018493cd067abd1d5fb9e0fdd0acb7b980355567508ad3,8483,,1762518345.9043508,1762518350.99523,1762518351.1003819,1762518351.4043508,5.5,5.090879201889038,0.10515189170837402,1,,150
2025-11-07T12:25:56.089928+00:00,46,TransferOwnership,15.0,impaired,0xa70c0087ac2f275126e5df2e37ead3f5c9569ac0bfff0c6fc119d3cff8a5b5e9,8484,,1762518350.9997299,1762518356.0858324,1762518366.1003819,1762518366.4997299,15.5,5.086102485656738,10.014549493789673,1,,149
2025-11-07T12:26:00.928042+00:00,47,TransferOwnership,15.0,impaired,0xdbaf6735469baebcdfc0ff52302f0c9a260f68f904cbaad831880a59929226a2,8485,,1762518356.090028,1762518360.9218407,1762518366.1003819,1762518366.590028,10.5,4.831812620162964,5.17854118347168,1,,151
2025-11-07T12:26:06.034040+00:00,48,TransferOwnership,15.0,impaired,0x4638eb0eeb6becd7ef851cca5d7d676b979af6b7c29cc3696e459d24554bd80f,8486,,1762518360.928136,1762518366.0226843,1762518366.1003819,1762518366.428136,5.5,5.094548225402832,0.0776975154876709,1,,152
2025-11-07T12:26:11.130210+00:00,49,TransferOwnership,15.0,impaired,0xd7f1785ce8d68425d6a114ca76c38a8d055a422dfb0bbebaa3b50c0f2951db5e,8487,,1762518366.034215,1762518371.1258106,1762518381.1003819,1762518381.534215,15.5,5.091595649719238,9.974571228027344,1,,149
2025-11-07T12:26:15.966756+00:00,50,TransferOwnership,15.0,impaired,0x649a688f5450d7bbf293d71a558805d94b4bb006ff044dd4172a98cc5604a9bd,8488,,1762518371.1303148,1762518375.9618077,1762518381.1003819,1762518381.1303148,10.0,4.831492900848389,5.138574123382568,1,,149
2025-11-07T12:26:21.053390+00:00,1,TransferOwnership,60.0,normal,0xf7b444b94df890d40cea5d4ff2d5fa6a6a56ef1004c9f3039862b31bedda902b,8489,,1762518375.966885,1762518381.0479863,1762518435.9668078,1762518435.966885,60.0,5.081101179122925,54.918821573257446,1,,149
2025-11-07T12:26:25.898683+00:00,2,TransferOwnership,60.0,normal,0x68b1fa5e9c6e4334345cd11424533a7efe6e3a3e1589f93280be4e930e929170,8490,,1762518381.0535247,1762518385.893509,1762518435.9668078,1762518436.0535247,55.0,4.839984178543091,50.073298931121826,1,,150
2025-11-07T12:26:30.996440+00:00,3,TransferOwnership,60.0,normal,0xb043c127b460a0a0017fdb6c497c25433a9e6696f6f2f70c2ab870282efc7629,8491,,1762518385.8988502,1762518390.991556,1762518435.9668078,1762518436.3988502,50.5,5.092705726623535,44.97525191307068,1,,149
2025-11-07T12:26:36.091388+00:00,4,TransferOwnership,60.0,normal,0x4b9560309e5212617438551d054702aa4ac69866ee11bb3e2c429fba6666ae2f,8492,,1762518390.9965494,1762518396.0864851,1762518435.9668078,1762518435.9965494,45.0,5.089935779571533,39.88032269477844,1,,149
2025-11-07T12:26:40.939881+00:00,5,TransferOwnership,60.0,normal,0x554f7ee98d107c8b63dd82d3ec6d43e117a6b86d7572f8fcdee17184d9d893b7,8493,,1762518396.0915136,1762518400.9347274,1762518435.9668078,1762518436.0915136,40.0,4.843213796615601,35.03208041191101,1,,149
2025-11-07T12:26:46.016358+00:00,6,TransferOwnership,60.0,normal,0xc8703d52ff4f71bccf1e59b84600228b7909167c91d534472aff4b886839d599,8494,,1762518400.9399908,1762518406.0095038,1762518435.9668078,1762518436.4399908,35.5,5.0695130825042725,29.957304000854492,1,,149
2025-11-07T12:26:51.127846+00:00,7,TransferOwnership,60.0,normal,0x53d5c922b420d0639fe08dbcbd028993e0720af967d1336eef0e6fae3bb9aa29,8495,,1762518406.016586,1762518411.1228862,1762518435.9668078,1762518436.016586,30.0,5.106300115585327,24.843921661376953,1,,149
2025-11-07T12:26:55.963356+00:00,8,TransferOwnership,60.0,normal,0x4b96c529c3f9ef77e683ebc3ba83c884efdd80a19f5dae4f125469e3848f567e,8496,,1762518411.1279502,1762518415.9582877,1762518435.9668078,1762518436.1279502,25.0,4.8303375244140625,20.008520126342773,1,,150
2025-11-07T12:27:01.058043+00:00,9,TransferOwnership,60.0,normal,0x181fb43ce3a1fd8161ba56bbea7b05effd6ca900750bcec72b576baac2aa0dce,8497,,1762518415.9634728,1762518421.0525215,1762518435.9668078,1762518436.4634728,20.5,5.089048624038696,14.914286375045776,1,,151
2025-11-07T12:27:05.897406+00:00,10,TransferOwnership,60.0,normal,0x911f3c9cf92d9c86956aa4bc81f19ad1d997d6ee19943dee11ae14302d29335c,8498,,1762518421.0581715,1762518425.8924363,1762518435.9668078,1762518436.0581715,15.0,4.834264755249023,10.074371576309204,1,,149
2025-11-07T12:27:10.991061+00:00,11,TransferOwnership,60.0,normal,0x4bb11a704d345ab3b7a3950a34d9be8a01a6cf6a7790de86d69f703671ad37b9,8499,,1762518425.897508,1762518430.9865346,1762518435.9668078,1762518436.397508,10.5,5.089026689529419,4.980273246765137,1,,150
2025-11-07T12:27:16.083101+00:00,12,TransferOwnership,60.0,normal,0xe3f5ecf8c02c2896ff57b4435e9ae94acd30abc1b5e9c1e125bc307edd8a5e3a,8500,,1762518430.9911647,1762518436.0785046,1762518495.9668078,1762518495.9911647,65.0,5.087339878082275,59.88830327987671,1,,152
2025-11-07T12:27:20.923737+00:00,13,TransferOwnership,60.0,normal,0x5faef522ed238cc5f5f79a9feb508b2f54b295d850a375cfad5407bf47c5e5cb,8501,,1762518436.0831974,1762518440.919379,1762518495.9668078,1762518496.0831974,60.0,4.836181640625,55.04742884635925,1,,150
2025-11-07T12:27:26.059396+00:00,14,TransferOwnership,60.0,normal,0xf549f882f14f7f29035bb504d38ad5bf94a9ab1e8356ca8e5b5590c4a94647a5,8502,,1762518440.9238381,1762518446.0410163,1762518495.9668078,1762518496.4238381,55.5,5.117178201675415,49.9257915019989,1,,151
2025-11-07T12:27:30.918577+00:00,15,TransferOwnership,60.0,normal,0x2aa4aea8242944b419a6a266318f449574b6c9d852969686c17db606228e8c56,8503,,1762518446.0597246,1762518450.913529,1762518495.9668078,1762518496.0597246,50.0,4.853804349899292,45.05327892303467,1,,150
2025-11-07T12:27:36.007227+00:00,16,TransferOwnership,60.0,normal,0xb676d499acc5b1b4b0e508bf85bdfddd8bc883c559cc9a9e8b0ec94599686307,8504,,1762518450.9186952,1762518456.004266,1762518495.9668078,1762518496.4186952,45.5,5.085570812225342,39.962541818618774,1,,149
2025-11-07T12:27:41.099473+00:00,17,TransferOwnership,60.0,normal,0xba44a70dbb4eeffe9eada79e21171a82eee5a09c3c73cf553bbc63891f914c73,8505,,1762518456.0073073,1762518461.0944552,1762518495.9668078,1762518496.0073073,40.0,5.087147951126099,34.872352600097656,1,,149
2025-11-07T12:27:45.946622+00:00,18,TransferOwnership,60.0,normal,0x672fab7984de6715bbae90f3ed2264f88bed02a147c02ae9c877c2fdaef9abc8,8506,,1762518461.0996194,1762518465.941592,1762518495.9668078,1762518496.0996194,35.0,4.841972589492798,30.02521586418152,1,,150
2025-11-07T12:27:51.041068+00:00,19,TransferOwnership,60.0,normal,0xf99a3c84132bbe151750b0b84e45f2b2743f8a6e17e4f1e67838cd4aec6b7159,8507,,1762518465.946739,1762518471.032359,1762518495.9668078,1762518496.446739,30.5,5.085619926452637,24.934448957443237,1,,150
2025-11-07T12:27:55.877375+00:00,20,TransferOwnership,60.0,normal,0xa9e3247e105f812a215542641f2dc2cab4e85752eca07a7b750f1b12049d00d1,8508,,1762518471.0412061,1762518475.873211,1762518495.9668078,1762518496.0412061,25.0,4.83200478553772,20.093596935272217,1,,149
2025-11-07T12:28:00.972839+00:00,21,TransferOwnership,60.0,normal,0x444784250f90c3ce716202aa6ca128d39268024450aa8dc14527efd9921b0b5f,8509,,1762518475.8774843,1762518480.96779,1762518495.9668078,1762518496.3774843,20.5,5.09030556678772,14.99901795387268,1,,149
2025-11-07T12:28:06.064786+00:00,22,TransferOwnership,60.0,normal,0x83a02c99dfc37331f4333566b9800ad8464fd5050b25fd60fe82eb4030e00e42,8510,,1762518480.9729645,1762518486.0603597,1762518495.9668078,1762518495.9729645,15.0,5.087395191192627,9.906448125839233,1,,148
2025-11-07T12:28:10.905542+00:00,23,TransferOwnership,60.0,normal,0xa39fd663ffc381b889647dfff1750c34cd620e509ba3fea79d96038db3bb524d,8511,,1762518486.0648932,1762518490.900885,1762518495.9668078,1762518496.0648932,10.0,4.835991859436035,5.065922737121582,1,,149
2025-11-07T12:28:16.004446+00:00,24,TransferOwnership,60.0,normal,0x28f7cfd5440a3f8462c9d295f855e1f7d0f5217ff41bd85aceeedc806dd9f21f,8512,,1762518490.9056752,1762518495.999638,1762518555.9668078,1762518556.4056752,65.5,5.093962907791138,59.967169761657715,1,,149
2025-11-07T12:28:21.100002+00:00,25,TransferOwnership,60.0,normal,0xbda0316ba44bc46125726f03592c0a978f6840f6beec34b9993d0bf2da2b73d3,8513,,1762518496.00457,1762518501.095586,1762518555.9668078,1762518556.00457,60.0,5.091016054153442,54.87122178077698,1,,148
2025-11-07T12:28:25.937421+00:00,26,TransferOwnership,60.0,normal,0xf5b2df047f3f7f494877261055c492de56d6447911de3a0af676b8268599c49d,8514,,1762518501.1001124,1762518505.9330676,1762518555.9668078,1762518556.1001124,55.0,4.8329551219940186,50.033740282058716,1,,149
2025-11-07T12:28:31.041775+00:00,27,TransferOwnership,60.0,normal,0xf3918a7f7635c2b779bc9a1b8ff843852da3b57ec01c4e58c3bcdb1cc71ce6df,8515,,1762518505.9375107,1762518511.0294907,1762518555.9668078,1762518556.4375107,50.5,5.09197998046875,44.93731713294983,1,,150
2025-11-07T12:28:35.896770+00:00,28,TransferOwnership,60.0,normal,0xd7e4e1fbf47fdf0f83d33ecb85f7297139b20a7ad25f8e822e53620e2f770074,8516,,1762518511.0420523,1762518515.8893616,1762518555.9668078,1762518556.0420523,45.0,4.847309350967407,40.0774462223053,1,,149
2025-11-07T12:28:40.995135+00:00,29,TransferOwnership,60.0,normal,0xc34c1854b33e6deb0be16494a44e6e26236cf840a23c36a1d760c500faa5e85a,8517,,1762518515.8968706,1762518520.990049,1762518555.9668078,1762518556.3968706,40.5,5.0931782722473145,34.97675895690918,1,,149
2025-11-07T12:28:46.095100+00:00,30,TransferOwnership,60.0,normal,0xbfc3d23e562f0a7147f8e5d2c1514d520d8d7b2820b97e200260a94e4f72a818,8518,,1762518520.99524,1762518526.0900948,1762518555.9668078,1762518555.99524,35.0,5.094854831695557,29.876713037490845,1,,151
2025-11-07T12:28:50.933805+00:00,31,TransferOwnership,60.0,normal,0x8322f3216e5e7baf2263b6c63fb631b8b94ad1ccee478fd2ca257e3edfe9fa45,8519,,1762518526.0952044,1762518530.9285884,1762518555.9668078,1762518556.0952044,30.0,4.833384037017822,25.038219451904297,1,,150
2025-11-07T12:28:56.041498+00:00,32,TransferOwnership,60.0,normal,0xcd99e815185eb362ba6760e53924045bf158308dbbafd19d8d16a2a61cb09885,8520,,1762518530.933923,1762518536.025539,1762518555.9668078,1762518556.433923,25.5,5.091615915298462,19.941268920898438,1,,149
2025-11-07T12:29:00.882174+00:00,33,TransferOwnership,60.0,normal,0x42dd1e95cfb6eca8470d6681e63c9dd2801c1ab61225e8f1bbe491797c72a42a,8521,,1762518536.0417252,1762518540.8780704,1762518555.9668078,1762518556.0417252,20.0,4.836345195770264,15.088737487792969,1,,150
2025-11-07T12:29:05.964294+00:00,34,TransferOwnership,60.0,normal,0xdd50aa6072f2de23f4ca638b92aaaf4cb60296b3eb6697df85dea1c47a19bb83,8522,,1762518540.8822823,1762518545.9627316,1762518555.9668078,1762518556.3822823,15.5,5.080449342727661,10.0040762424469,1,,149
2025-11-07T12:29:11.058278+00:00,35,TransferOwnership,60.0,normal,0xcd9cc7635047810864d216dbc7333bda3600b1e5881efc9cf745a5a3f4c96078,8523,,1762518545.9643402,1762518551.052261,1762518555.9668078,1762518556.4643402,10.5,5.087920904159546,4.914546728134155,1,,149
2025-11-07T12:29:15.898838+00:00,36,TransferOwnership,60.0,normal,0xe3e042cf53aeb0c28b3e6b5c553d1da4ae1fa1365c9276b4d0ff4bb3e4846a93,8524,,1762518551.058405,1762518555.8929126,1762518555.9668078,1762518556.058405,5.0,4.834507703781128,0.07389521598815918,1,,149
2025-11-07T12:29:20.997671+00:00,37,TransferOwnership,60.0,normal,0x45868bbda405c346cdd010d0dded1c2a1b399596ebd9da3a4081dea2e2add6a7,8525,,1762518555.8989937,1762518560.9909961,1762518615.9668078,1762518616.3989937,60.5,5.0920023918151855,54.97581171989441,1,,149
2025-11-07T12:29:26.106373+00:00,38,TransferOwnership,60.0,normal,0x37134714745ed1631b456b4f711f3a88dd59ee4de3eaa05f97348752aeebfc79,8526,,1762518560.9978592,1762518566.1015873,1762518615.9668078,1762518615.9978592,55.0,5.1037280559539795,49.86522054672241,1,,149
2025-11-07T12:29:30.947507+00:00,39,TransferOwnership,60.0,normal,0xf5c075ddefb7dca03165c79fb40463474991c1c569a2fca46ef00a0fe73c7dc5,8527,,1762518566.1064823,1762518570.9422295,1762518615.9668078,1762518616.1064823,50.0,4.835747241973877,45.024578332901,1,,150
2025-11-07T12:29:36.048223+00:00,40,TransferOwnership,60.0,normal,0xd549f077db2d2f81e510de27b26ee0bbc947e9d19946ac20ede8bebba7d887ec,8528,,1762518570.947641,1762518576.041673,1762518615.9668078,1762518616.447641,45.5,5.094032049179077,39.925134897232056,1,,149
2025-11-07T12:29:40.898701+00:00,41,TransferOwnership,60.0,normal,0x014ac63e1f47be08c08f2a0b72fa860d5c5a8de514fadb88887f4148a3208643,8529,,1762518576.0483925,1762518580.8926516,1762518615.9668078,1762518616.0483925,40.0,4.844259023666382,35.074156284332275,1,,149
2025-11-07T12:29:45.993763+00:00,42,TransferOwnership,60.0,normal,0x82d1914747a6e74af8698038419fd759ab3b379ae3de5023e8e94fc3f434d08c,8530,,1762518580.8988416,1762518585.9892898,1762518615.9668078,1762518616.3988416,35.5,5.0904481410980225,29.97751808166504,1,,148
2025-11-07T12:29:51.089314+00:00,43,TransferOwnership,60.0,normal,0xea9c18b92a5bd6a3476b8ff6bc36f3afd5169f57d1029e3dc3d51cb7d4f34310,8531,,1762518585.9938583,1762518591.0845673,1762518615.9668078,1762518615.9938583,30.0,5.09070897102356,24.882240533828735,1,,150
2025-11-07T12:29:55.926498+00:00,44,TransferOwnership,60.0,normal,0x91b1563f9147326eed3b37633e0c5fd6906041a1476cdb487c25a5cfafe842e0,8532,,1762518591.0894332,1762518595.9213936,1762518615.9668078,1762518616.0894332,25.0,4.831960439682007,20.045414209365845,1,,150
2025-11-07T12:30:01.046568+00:00,45,TransferOwnership,60.0,normal,0xcb7d391a97ab9d15682e58f0a3e504e35c46fd002c9b3cd86a297deb19595a71,8533,,1762518595.9265947,1762518601.036917,1762518615.9668078,1762518616.4265947,20.5,5.1103222370147705,14.929890871047974,1,,150
2025-11-07T12:30:05.899477+00:00,46,TransferOwnership,60.0,normal,0x272874983cf8d20620074e4f3c3a403d517a3a6601ed4bf426dcd00a695b8e2a,8534,,1762518601.0467863,1762518605.8942084,1762518615.9668078,1762518616.0467863,15.0,4.847422122955322,10.072599411010742,1,,152
2025-11-07T12:30:10.996361+00:00,47,TransferOwnership,60.0,normal,0xa83c3e82c0498d3e1f823968ab794b722d4aca9ab5979cddffc3aedd4a605dd1,8535,,1762518605.8995707,1762518610.9916592,1762518615.9668078,1762518616.3995707,10.5,5.092088460922241,4.975148677825928,1,,148
2025-11-07T12:30:16.089460+00:00,48,TransferOwnership,60.0,normal,0xd4316c5d31e17c089a2233e64bdfab187e41b6971ea41d3aaf65f1e324355e75,8536,,1762518610.996451,1762518616.0847664,1762518675.9668078,1762518675.996451,65.0,5.088315486907959,59.882041454315186,1,,148
2025-11-07T12:30:20.927780+00:00,49,TransferOwnership,60.0,normal,0x815eeeabb7299ae9d715a87a719311094a27371ccab57dbd3ab372ee73ef6dae,8537,,1762518616.0895603,1762518620.9226928,1762518675.9668078,1762518676.0895603,60.0,4.83313250541687,55.04411506652832,1,,152
2025-11-07T12:30:26.031655+00:00,50,TransferOwnership,60.0,normal,0x918871e0c1d9b4e5ee875fe6c9041e692ee7ea90ddbae16c7fad6829fed01cd6,8538,,1762518620.927875,1762518626.0147061,1762518675.9668078,1762518676.427875,55.5,5.086831092834473,49.952101707458496,1,,149
2025-11-07T12:30:30.882001+00:00,1,TransferOwnership,60.0,impaired,0xac03844ab34f63dda1e5abf9e6a537527576a2f402e3992c91cab165ec514fca,8539,,1762518626.032144,1762518630.877158,1762518686.0318685,1762518686.032144,60.0,4.845013856887817,55.15471053123474,1,,149
2025-11-07T12:30:35.975001+00:00,2,TransferOwnership,60.0,impaired,0x8e317cd4dab4262f31f3dbf925927a06874526d6c9d0be47749dc4628acf022e,8540,,1762518630.882119,1762518635.9703555,1762518686.0318685,1762518686.382119,55.5,5.088236570358276,50.06151294708252,1,,152
2025-11-07T12:30:41.063840+00:00,3,TransferOwnership,60.0,impaired,0x9a138921f61e787991c45358931c3a374f945da885bb1a32d3b85cce255dcfb1,8541,,1762518635.9750981,1762518641.0592592,1762518686.0318685,1762518686.4750981,50.5,5.084161043167114,44.97260928153992,1,,150
2025-11-07T12:30:45.898301+00:00,4,TransferOwnership,60.0,impaired,0x2ea4f6eb950faa33a117d245ea0a7cd97ab0089f1e95f3d65bd8487b1f188f96,8542,,1762518641.0639403,1762518645.8936725,1762518686.0318685,1762518686.0639403,45.0,4.829732179641724,40.13819599151611,1,,150
2025-11-07T12:30:50.992315+00:00,5,TransferOwnership,60.0,impaired,0xbf8c121226358c3c4123e745ca6b91d509038901f9f1f8384ffac2d48f014d96,8543,,1762518645.898396,1762518650.987764,1762518686.0318685,1762518686.398396,40.5,5.089367866516113,35.04410457611084,1,,152
2025-11-07T12:30:56.083282+00:00,6,TransferOwnership,60.0,impaired,0xafb5dabd6c750f16dd570b5ee0bbf63737d8f2f2dd5019368f97e37c7f8a84ab,8544,,1762518650.992407,1762518656.0793338,1762518686.0318685,1762518686.492407,35.5,5.086926698684692,29.952534675598145,1,,149
2025-11-07T12:31:00.931227+00:00,7,TransferOwnership,60.0,impaired,0x8b2a78f9efe3263d3e9f2b7d393cf447709240020c9f7070014bb08e46d48072,8545,,1762518656.083373,1762518660.9259152,1762518686.0318685,1762518686.083373,30.0,4.8425421714782715,25.105953216552734,1,,150
2025-11-07T12:31:06.037833+00:00,8,TransferOwnership,60.0,impaired,0x062022a55a2b266dc41ed9df3ac603df8a9bf100b8daa2ef15618cf68270e86e,8546,,1762518660.9313266,1762518666.0293577,1762518686.0318685,1762518686.4313266,25.5,5.098031044006348,20.00251078605652,1,,150
2025-11-07T12:31:10.876286+00:00,9,TransferOwnership,60.0,impaired,0xc0c46096b21255d3ae03f9a5d0dc2afbc7a5cc186c670ef2ebeca8dac3c5cb5e,8547,,1762518666.0379937,1762518670.8718038,1762518686.0318685,1762518686.0379937,20.0,4.833810091018677,15.160064697265625,1,,148
2025-11-07T12:31:15.960806+00:00,10,TransferOwnership,60.0,impaired,0x72094490236bf0fb5c0a7c92ecde9fae5b6ef592765d331fa7cd479fc4520ecf,8548,,1762518670.8763914,1762518675.9566162,1762518686.0318685,1762518686.3763914,15.5,5.0802247524261475,10.075252294540405,1,,149
2025-11-07T12:31:21.053663+00:00,11,TransferOwnership,60.0,impaired,0x5def550beda05410a63684edac5b76aa61f2af1c6e34bf13d20db38d2994046f,8549,,1762518675.9608996,1762518681.0478766,1762518686.0318685,1762518686.4608996,10.5,5.086977005004883,4.983991861343384,1,,148
2025-11-07T12:31:25.900219+00:00,12,TransferOwnership,60.0,impaired,0xf1e03b61b6d5f84f08ad270a732e28901eb85f6341ffdbc3c2ced98b1a1b7215,8550,,1762518681.0538094,1762518685.8927045,1762518686.0318685,1762518686.0538094,5.0,4.838895082473755,0.13916397094726562,1,,148
2025-11-07T12:31:30.992088+00:00,13,TransferOwnership,60.0,impaired,0x905379164298e5a84232983a97c5e9e0ed62546d53df0ebdf3785a57918a15fd,8551,,1762518685.9003367,1762518690.9873397,1762518746.0318685,1762518746.4003367,60.5,5.087002992630005,55.04452872276306,1,,152
2025-11-07T12:31:36.086139+00:00,14,TransferOwnership,60.0,impaired,0x9b47b48bd021dc318954c491d28ef168647886a3105cb0371d40686ff0be0cbb,8552,,1762518690.9921896,1762518696.0801613,1762518746.0318685,1762518746.4921896,55.5,5.0879716873168945,49.95170712471008,1,,149
2025-11-07T12:31:40.930879+00:00,15,TransferOwnership,60.0,impaired,0x1b87074362396b2709e8030e20dbd56897c69f4c1d9373e970699e30f4b6689e,8553,,1762518696.0862782,1762518700.924555,1762518746.0318685,1762518746.0862782,50.0,4.8382768630981445,45.10731339454651,1,,149
2025-11-07T12:31:46.014096+00:00,16,TransferOwnership,60.0,impaired,0xbd2301e3e68e1b218eac33fb6f2df7628313c9bc8ac2813e00072da601c2c764,8554,,1762518700.9309928,1762518706.0069747,1762518746.0318685,1762518746.4309928,45.5,5.075981855392456,40.02489376068115,1,,149
2025-11-07T12:31:51.115833+00:00,17,TransferOwnership,60.0,impaired,0x81af94dc100d642a73b9a29ee7e11a1df109d25ecfe9a5a191e522c149a0514a,8555,,1762518706.0142975,1762518711.1109397,1762518746.0318685,1762518746.5142975,40.5,5.096642255783081,34.920928716659546,1,,150
2025-11-07T12:31:55.955080+00:00,18,TransferOwnership,60.0,impaired,0x1528c8a95f4926799b20442a04c877e088f00f5528c3e09fbd312db5380152f2,8556,,1762518711.1159303,1762518715.9502833,1762518746.0318685,1762518746.1159303,35.0,4.834352970123291,30.0815851688385,1,,149
2025-11-07T12:32:01.061105+00:00,19,TransferOwnership,60.0,impaired,0x80b21ab04e3d7ed64ccac5e60e36ed1f5de7ebefe2f950c0dae7ae05a8fddb28,8557,,1762518715.9551973,1762518721.0553918,1762518746.0318685,1762518746.4551973,30.5,5.100194454193115,24.976476669311523,1,,149
2025-11-07T12:32:05.898912+00:00,20,TransferOwnership,60.0,impaired,0xd87bd1f37c8d2e76d035be4c17ba55526d9caa3cd42161a7e44447057042a06d,8558,,1762518721.0612538,1762518725.8943615,1762518746.0318685,1762518746.0612538,25.0,4.8331077098846436,20.13750696182251,1,,150
2025-11-07T12:32:10.986450+00:00,21,TransferOwnership,60.0,impaired,0x4c3543d0b7ace82ea885aaa61d013ce37d3a62d63193041897e11228f8f3aa5d,8559,,1762518725.899019,1762518730.9825091,1762518746.0318685,1762518746.399019,20.5,5.0834901332855225,15.049359321594238,1,,150
2025-11-07T12:32:16.084233+00:00,22,TransferOwnership,60.0,impaired,0x877640ade727f2e7229a76988eead8013bda71a14f7a5c2c5348dc1dffc40e93,8560,,1762518730.9865384,1762518736.079421,1762518746.0318685,1762518746.4865384,15.5,5.0928826332092285,9.952447414398193,1,,152
2025-11-07T12:32:20.922813+00:00,23,TransferOwnership,60.0,impaired,0xea39dab3971411bdceb8c910e33d20365503592b209acb70b45f0b1f228ab343,8561,,1762518736.0843363,1762518740.9182084,1762518746.0318685,1762518746.0843363,10.0,4.833872079849243,5.113660097122192,1,,148
2025-11-07T12:32:26.035295+00:00,24,TransferOwnership,60.0,impaired,0x11ab9a82776f7077ef150ab65f0dd0f48f265b8e49d0d04d8491feda21ff2060,8562,,1762518740.9229107,1762518746.020798,1762518746.0318685,1762518746.4229107,5.5,5.097887277603149,0.011070489883422852,1,,152
2025-11-07T12:32:30.886409+00:00,25,TransferOwnership,60.0,impaired,0x5385b1d187115f62f154ae4f82cc22a6681d8fc887f5aabe1433801265c5fc08,8563,,1762518746.0356214,1762518750.881226,1762518806.0318685,1762518806.0356214,60.0,4.845604658126831,55.15064239501953,1,,149
2025-11-07T12:32:35.976721+00:00,26,TransferOwnership,60.0,impaired,0x0be70c19fbd8767b838b825eaa0174f7fe2619101ec3f9d75c50648ef4bbcc63,8564,,1762518750.8865185,1762518755.9702854,1762518806.0318685,1762518806.3865185,55.5,5.083766937255859,50.061583042144775,1,,150
2025-11-07T12:32:41.068607+00:00,27,TransferOwnership,60.0,impaired,0x824b71616de439e77d01957a0ab44577fa91bed0ab401efc5cde0d893889e678,8565,,1762518755.9768512,1762518761.0634093,1762518806.0318685,1762518806.4768512,50.5,5.086558103561401,44.968459129333496,1,,149
2025-11-07T12:32:45.914805+00:00,28,TransferOwnership,60.0,impaired,0x8720f0ffb75ed2fb2bce64c8d77696986dcd152352214b8b3459212c1bf43034,8566,,1762518761.0686998,1762518765.9095023,1762518806.0318685,1762518806.0686998,45.0,4.840802431106567,40.122366189956665,1,,149
2025-11-07T12:32:51.012120+00:00,29,TransferOwnership,60.0,impaired,0x8228bd5dcf71da12c675ba887e88185a97149473dea92cfad51bef506707ca24,8567,,1762518765.9149153,1762518771.0063353,1762518806.0318685,1762518806.4149153,40.5,5.09141993522644,35.0255331993103,1,,149
2025-11-07T12:32:56.111630+00:00,30,TransferOwnership,60.0,impaired,0x154a98fe27b81dccfa68aaaf7f16f80a3464fda815af667478bc8c5847cca3f1,8568,,1762518771.0122406,1762518776.106758,1762518806.0318685,1762518806.5122406,35.5,5.094517469406128,29.925110340118408,1,,149
2025-11-07T12:33:00.954905+00:00,31,TransferOwnership,60.0,impaired,0xc705713ccb56cbed3bf279f915c36f38be26f7add4f4da2fbf66b7ff3ac6e1cd,8569,,1762518776.1117532,1762518780.9499955,1762518806.0318685,1762518806.1117532,30.0,4.838242292404175,25.081872940063477,1,,150
2025-11-07T12:33:06.056347+00:00,32,TransferOwnership,60.0,impaired,0xbe341d7c9f6beb9fd03eeb9d69ef5a19317e2068e073b9d116eceae36b5e1ab9,8570,,1762518780.9550061,1762518786.050656,1762518806.0318685,1762518806.4550061,25.5,5.09564995765686,19.981212377548218,1,,150
2025-11-07T12:33:10.901080+00:00,33,TransferOwnership,60.0,impaired,0xc3dda4d6523c79a637f2bc8df7635f09d0aa31b961dbc48260f23deb92c383e9,8571,,1762518786.0564795,1762518790.8964531,1762518806.0318685,1762518806.0564795,20.0,4.83997368812561,15.135415315628052,1,,151
2025-11-07T12:33:15.989934+00:00,34,TransferOwnership,60.0,impaired,0x646ecb00eafbacbaf1e5d078c07162cefff81ca6515ed307b6ce973760095d72,8572,,1762518790.901181,1762518795.984509,1762518806.0318685,1762518806.401181,15.5,5.083328008651733,10.047359466552734,1,,149
2025-11-07T12:33:21.085284+00:00,35,TransferOwnership,60.0,impaired,0x9c3cd9ffca0bee0c73b8842fb6d754f05c1ac31e9e24a5d9bbabd140f32355be,8573,,1762518795.9900284,1762518801.0797482,1762518806.0318685,1762518806.4900284,10.5,5.089719772338867,4.952120304107666,1,,148
2025-11-07T12:33:25.924690+00:00,36,TransferOwnership,60.0,impaired,0xee83128f87dc4deda01aa636b1c796d32bc6b256125ae75b696a219175ec5cf4,8574,,1762518801.0853834,1762518805.9197352,1762518806.0318685,1762518806.0853834,5.0,4.8343517780303955,0.11213326454162598,1,,149
2025-11-07T12:33:31.032396+00:00,37,TransferOwnership,60.0,impaired,0xb4a77f3561ef9a3862cdefa7f06dafec945654e4d2fd438ed5f8b5934ac47e6c,8575,,1762518805.9247978,1762518811.0172317,1762518866.0318685,1762518866.4247978,60.5,5.092433929443359,55.014636754989624,1,,150
2025-11-07T12:33:36.125717+00:00,38,TransferOwnership,60.0,impaired,0x63b19e7c474835e3a2c37449d8b791cd98be6a4957888385cbbd0cb6b16c0bdf,8576,,1762518811.0325987,1762518816.1211057,1762518866.0318685,1762518866.0325987,55.0,5.0885069370269775,49.910762786865234,1,,149
2025-11-07T12:33:40.961163+00:00,39,TransferOwnership,60.0,impaired,0x8a14f8b93209134be23eeab0530df8f4299749a856088d4f3e3287967627f52c,8577,,1762518816.1258078,1762518820.9563265,1762518866.0318685,1762518866.1258078,50.0,4.83051872253418,45.075541973114014,1,,149
2025-11-07T12:33:46.058231+00:00,40,TransferOwnership,60.0,impaired,0x7b0c0b0e8ad18314db39ded472c544ecb6fc8e3316668cbd62cfcddc39c47c37,8578,,1762518820.9612582,1762518826.053043,1762518866.0318685,1762518866.4612582,45.5,5.091784715652466,39.97882556915283,1,,150
2025-11-07T12:33:50.906759+00:00,41,TransferOwnership,60.0,impaired,0x0125504c2ff7c436fee05668beff188187c12aa45c2d97776a06624ef62b91a2,8579,,1762518826.0583491,1762518830.9012456,1762518866.0318685,1762518866.0583491,40.0,4.842896461486816,35.13062286376953,1,,152
2025-11-07T12:33:56.001279+00:00,42,TransferOwnership,60.0,impaired,0xca4e45d2d6ede79a18dca7b858a03cd40425f5742a7665ba6e778b40dbf0e341,8580,,1762518830.9068673,1762518835.996619,1762518866.0318685,1762518866.4068673,35.5,5.089751720428467,30.03524947166443,1,,150
2025-11-07T12:34:01.101130+00:00,43,TransferOwnership,60.0,impaired,0xf6f0b092981e1c547cc90a6cf5478d800897886d7c31802e7ec7cb0eba329877,8581,,1762518836.0013902,1762518841.0951314,1762518866.0318685,1762518866.5013902,30.5,5.093741178512573,24.936737060546875,1,,149
2025-11-07T12:34:05.935010+00:00,44,TransferOwnership,60.0,impaired,0xcdafd1223d826c8a2517284090618e737c9ed330b73b4f2fbbc1d6526e16649a,8582,,1762518841.1012595,1762518845.9306424,1762518866.0318685,1762518866.1012595,25.0,4.82938289642334,20.101226091384888,1,,151
2025-11-07T12:34:11.016967+00:00,45,TransferOwnership,60.0,impaired,0xefa6f1375d00132a04517b173e0e1a9ffe176e5dd42c6f9e44885dae6e9543f6,8583,,1762518845.9351034,1762518851.0116425,1762518866.0318685,1762518866.4351034,20.5,5.076539039611816,15.020226001739502,1,,149
2025-11-07T12:34:16.106702+00:00,46,TransferOwnership,60.0,impaired,0xefcabe12b812d18c81f7986c9b08ece875d87f2d6e1b50f3bc73be28cd2e29da,8584,,1762518851.0171006,1762518856.1022456,1762518866.0318685,1762518866.5171006,15.5,5.085144996643066,9.929622888565063,1,,149
2025-11-07T12:34:20.944171+00:00,47,TransferOwnership,60.0,impaired,0xee9c24534bf56c8267d25ef76ce7d07f94356b1c5f702cce47033dadf2a2a5a0,8585,,1762518856.1067967,1762518860.9392197,1762518866.0318685,1762518866.1067967,10.0,4.832422971725464,5.09264874458313,1,,149
2025-11-07T12:34:26.039417+00:00,48,TransferOwnership,60.0,impaired,0x605c90220788ecab5290fdf42a5fc2251ea392d0f9a02faaa76589a45b6a613a,8586,,1762518860.9442708,1762518866.0332017,1762518926.0318685,1762518926.4442708,65.5,5.08893084526062,59.998666763305664,1,,152
2025-11-07T12:34:30.879732+00:00,49,TransferOwnership,60.0,impaired,0x2557ec99e4d028d8039a9d30befd8152ee83b1df4df73caecbfe80758f81bf7a,8587,,1762518866.0395622,1762518870.8741798,1762518926.0318685,1762518926.0395622,60.0,4.834617614746094,55.1576886177063,1,,149
2025-11-07T12:34:35.975538+00:00,50,TransferOwnership,60.0,impaired,0x1e3f77fe9f5bdbe959ef1740e1fc1e78a1f887408f2ceacfaf33862cc5fa9254,8588,,1762518870.8798544,1762518875.9708114,1762518926.0318685,1762518926.3798544,55.5,5.090956926345825,50.06105709075928,1,,150
